"Y","X1","X2","X3","X4","X5","X6","X7","X8","X9","X10"
1717.09352913238,1419.84914991615,2298.99188401598,2787.85931725703,-553.00377462112,2652.01093397064,2692.76967607478,1416.10471323672,1830.61772196553,72.8226827692319,1378.44250063131
638.554686840627,-48.2675009128478,555.093375486901,606.425703863073,-908.097994083914,1153.36510812946,1160.71355898809,-1394.88873145017,1708.2858914633,-499.831647278927,-782.702906679698
2108.66205839972,1502.68298178372,814.716141282911,3920.32647557681,2192.88263170131,2244.10572891971,1433.23074170197,3948.2038551437,1592.4494434274,926.623657346043,852.047340236817
-2609.83769849059,-2596.39567470078,-1025.34217026519,-3051.18923797348,-1302.90392787492,-2036.91440868725,-2545.27712075693,-2432.97342944936,-1752.71481967789,-2653.70511873509,-2463.14491170664
-1046.26650000755,173.96713685798,1374.31959231143,-89.1486262782589,-1208.24550146596,436.706592472477,193.71570346556,-31.4538632463209,-815.054105073606,302.875629543953,317.249583288125
-269.301305588988,1228.09527885902,906.362788407487,2346.66189596013,2382.63330156327,1156.02078121004,3257.82071944942,2769.23649374339,1534.664830349,2909.05060406709,3130.11350144376
627.554394397708,-1351.87221483243,NA,NA,-1136.88062631404,1171.46680505586,NA,NA,35.9672152479417,NA,-1589.63804604381
-1900.38053149876,-946.823339393085,-2257.22740895411,83.909754743794,-1977.23580777469,831.188522847287,200.308782199463,526.848724190646,-1478.91299987967,-145.213462502405,-1916.18621618738
-2595.65409041324,-1714.48291203705,-1536.36702699498,363.112075584219,-1981.96849143634,366.226488436367,1617.0903932381,-579.794415091662,483.646393890705,198.691700623513,-275.23579832886
2097.90759435408,637.346719316248,777.79681893785,2941.61196368817,-209.857521258659,1855.7753344437,1187.41646202973,1171.57081720816,1788.38417967579,-907.486813914025,32.3491872240807
-1464.62822713686,-3067.00970156376,-2228.53049308756,-2306.94026805101,-917.625451919955,-218.494014167915,-2917.06731886318,-1333.79272493692,NA,-3137.99484321497,-5419.27458347564
301.952289483114,-1092.36967971108,-126.821176310147,86.0666215929028,-273.058440704736,1489.5641114844,462.973960381876,-233.650869003399,81.0527596412384,-422.725338341423,-1886.80520787426
721.392770941599,2098.80851305117,679.362500883845,1619.50186171759,1979.84807308845,2207.32126968656,993.32442987205,2987.35739432198,2557.08946143162,2252.14793431187,-466.55575664034
3071.63187017821,3678.78232382176,2449.57101377764,6354.03368433115,4227.81605212728,4468.23737922676,6009.47622463568,5244.73584860267,4341.98124551005,4358.05933370055,3566.61083119083
-571.308000999794,-2462.43070471317,-923.265618533469,-1615.62249603596,-831.453037202659,-912.77863059964,-1580.49397302982,-1233.29354011237,-1664.06553363442,-2200.26164531216,-1543.37300753469
-104.964411064362,700.260354348235,688.387817021717,844.748860791132,1314.99456608921,31.6307227566424,576.825360875999,1166.99170306002,607.634981850964,-41.3884625257686,847.777064904236
202.485053739823,419.255576175931,558.909929317347,698.930231507855,-685.804818825389,1968.59976386657,658.572498552348,1239.84084576779,1051.79081307692,780.082072531776,-769.59592155142
-2661.47013959824,448.184275971416,-1656.87779047696,-1136.17550907649,-1798.22795317669,-585.157092541376,-805.629860060509,-739.982337587375,-2194.43227302664,-125.285408489097,-1679.51322813315
-1646.94864561259,-1486.95348637556,-936.762891352144,-893.294452756488,-1344.68118553463,268.685527711314,-1117.0349361259,401.766492781218,-519.040542271455,-695.324714795254,-1900.69911815961
14.3772461806848,9.32279285940433,1383.70699164842,-122.741125892197,-2149.47829838682,-967.397831603851,-627.973842362739,-672.865939113596,-1876.42969451942,-2222.88000370179,1692.95715951559
-1561.94574979279,-1552.54224911396,-1114.59011092257,-1468.64433252728,-697.57392442659,112.888748568242,-420.041505376386,-1886.74570973706,853.707897122026,-1043.71271227634,-3011.17377207654
-1329.60515810722,-1784.63741981437,25.0462589750755,415.77899397209,-1793.12109041858,-231.431585237968,56.5517662973764,-1436.72419465854,-321.356185074769,-2037.56269619235,-829.64949520039
1144.03073071342,235.006881586966,510.839452576371,2288.50439632611,-1048.97985789755,1744.85744886177,1205.66454038314,654.069808588756,-593.25268975,-1609.31123790853,-585.615490097781
3377.03255245776,5517.90334000623,4793.64257453205,4168.80585382824,3866.70747390156,3330.95802579496,4081.63098128758,3347.15484647872,4606.68076177954,3516.72194182235,3367.11283777516
-331.860704794741,-1348.7043731695,216.733125520526,-921.706548794994,73.7273385825996,-891.777394809919,-1593.27645608302,525.349454382407,144.657323341877,-1459.94191462955,-25.7151431866171
375.142454599909,1039.84296003534,-154.832668100605,1433.65330743906,158.04643416768,2132.93890314779,-162.280627755685,1795.27968218558,1440.39516611848,841.596223246261,-2267.56987581162
220.849265098032,1402.20272598047,228.756060915532,300.320340080551,-275.17578548213,1939.44049192617,1172.9782854229,1805.16609637094,695.279266410758,1277.416345003,-145.478552941969
3004.10408937928,3948.28766457474,2831.90486300054,2813.53648048548,2052.5725934129,3006.25637090651,5169.9277285904,1125.81261108208,2664.9092871475,3477.82415749967,3582.76995529482
-705.637241135878,1785.83791216684,1416.82882596815,1446.23648851903,680.902732776585,1990.25094450349,2146.91284160358,1523.48862842553,1421.59500459881,2638.17858575738,490.703699635263
-94.2418481073514,418.185616254068,488.15815885078,477.055451182215,-796.750648122051,0.583267665864469,-38.5676884789054,299.006789477477,-1982.92120839085,-1407.99845148002,175.023360482954
-1917.91822381421,NA,NA,-819.416054843877,-1496.99095603288,-226.474585331706,-1633.59988886414,NA,NA,NA,-3714.45823660737
-269.799567560457,1308.69707295848,954.691162079401,637.015809717456,-1116.09141649355,1294.72608838991,1510.06557520243,980.222105468647,-454.231929827794,1396.4603053199,1320.17772373085
-472.615199843382,-1456.53158260682,-749.419972240112,-1041.88409754798,453.295084182108,79.0055916558575,-160.101214372987,-679.939841502293,2268.51511571408,1240.92327219328,-792.03274390196
1058.82507491078,478.037424619196,23.8867333662482,1422.10805835208,57.4324183426501,1435.24107294215,1107.99527063652,1142.86160104576,-333.62781027181,98.3014469647718,29.6217769147732
2389.45876153426,3272.32516924885,3627.08866952137,3748.66896770717,2161.27672638767,1721.47393935791,3678.34921830807,3049.32297155085,1376.90687557107,2025.67879478001,5076.07591526444
2211.35665667379,1124.22875216467,1072.72653565683,1579.55257842082,1251.9081533718,1325.92327336082,605.783733127862,1790.25042968442,1869.59482460029,286.313474079541,715.898972061222
1054.87695259537,717.554762631857,1630.40450987123,1247.39520839886,815.790546207226,1093.33613315911,433.762949435946,2592.42637307264,1302.97953114887,1133.72860169602,1667.36042218101
278.822668642859,592.510527388401,1247.5703186663,1405.56205963302,-2340.88071054047,1683.63917066231,2496.48921662288,-239.814100826748,-273.601021814328,278.203229766272,1499.58127397359
-1650.12930693182,-2508.81160757712,208.743799833352,-358.826860459615,-3619.67657907115,-742.977400307164,-1022.25523529876,-1872.77612831554,235.882093488099,-3146.50959624143,-621.331557540627
13.7607418865222,-2437.12088753797,-815.59708346258,-0.565843778044723,-679.865987159515,-153.655659439438,-697.000722489337,29.9464366289992,-1727.75050508813,-1676.88628484925,-608.129124618212
1396.03513253075,640.595621226681,576.603441826925,1662.01990933135,165.558345060232,1434.13999018811,1426.87923466411,706.721034577899,609.74319444267,-195.557631360907,296.050788594397
942.425865188104,736.763649297594,1556.95889244045,824.556915369861,1184.07815010047,1071.21265700049,1510.67215203845,680.235831232992,490.957219284495,748.78817561348,1049.20062925398
-2077.05392979732,-1592.97178700494,-1445.82870511326,168.67376421109,-1212.82016849769,-364.825736401307,33.7115537762487,-474.274087505276,139.686090635029,-310.576711926254,-703.302499075883
-1728.4740696323,-14.0832913357356,-687.885584270433,-1303.55162159472,-215.094328961392,441.792752132732,623.847647705531,-1165.39488773134,464.870228444004,455.652760035271,-1904.13572497348
1596.85285210236,1648.53920039207,2976.9360012535,1319.7739433714,1061.96899419582,1126.4125628144,2945.91928118544,-1061.80492910956,3563.40533954568,1509.59930233716,2569.56948812649
2256.91694001311,1911.3952355879,1840.9340912064,2604.90454157006,833.150983315583,1169.19123696389,960.01079770353,2598.09336827636,2523.20389997728,351.681369444621,2328.23621096529
339.190246738341,-385.027468507707,150.83210193394,917.717570352004,-350.189714217146,497.718642012087,197.132539941169,-381.75184969436,201.873054290642,-1603.93361850507,-928.938035515623
-1368.99184856828,-1051.77219500961,14.9734583330725,-1249.19008877738,398.261031149294,-1566.43894628387,-1127.16244708522,-462.402175985557,-876.980902115831,-1442.31980953094,41.0812064539435
2466.93588998144,-130.898223848513,-445.120551748214,2649.0360095581,493.553232526705,1646.07162937684,294.174395486622,2000.62534279341,1508.40555937608,-1878.7197428647,-935.27069196312
-1096.30376774009,NA,-27.2309274544386,NA,-1429.91040952318,-457.886345393639,-1034.2417097343,-508.935098283613,-1667.47906918517,-1323.72326747391,-594.518368972274
-591.796882549778,-53.4192412229918,496.887942395724,-500.69709902206,244.874228536297,-705.495740320986,-744.29490832168,334.285608443654,-258.822408660555,-365.614555022774,491.312841953647
781.900746142774,999.177613213058,1048.18250488029,3451.62041796751,1033.43096213304,2160.14192239535,3387.43909682352,962.265339040642,2470.39914649122,183.456401940952,619.630719656468
-19.121910629671,-395.384035819451,-1169.09617736361,1127.42006536938,176.117461599258,1228.63762433036,669.387039589054,711.102803369776,-1208.05928527425,-623.843977109413,-1732.99107137689
4064.02918479573,3406.75193246289,3284.23077781898,2985.36986938061,1640.49373356392,2594.63823663561,3321.52549066311,1097.35512224978,2444.82377576052,216.285150981608,2274.68656307919
-2926.17767658441,-2130.00088925893,-216.062533947979,-2337.50365067934,-3922.36682571494,-1196.54347938857,-977.421680601315,-2606.11192287921,-2373.09164406553,-2215.63406446192,-670.577727796413
-2894.38590240703,-3972.14400622033,-2374.19625141908,-2791.11216496057,-2726.77945450546,-1450.71963387846,-2733.47048511547,-2337.47132050155,-3087.16949516321,-3817.34940325682,-3922.67351458057
2199.09632456931,2819.25731510545,409.541715198714,3858.39606362583,215.948085800106,2469.8652165238,1993.86817206189,378.553024359707,1013.34618223387,-1769.67580246306,-1808.1051786445
1682.42652245824,2852.3136845086,1679.23255395434,2138.02486344529,1315.4312633867,2935.28180746094,3915.48948914778,1761.02618134023,1603.33156710403,3490.02234059634,2139.21272166099
563.58264764605,-980.619728863564,1294.76177306498,-436.545139258141,-1043.29779969287,32.4750073505522,-1279.04812566203,-972.427743646628,941.903073485942,-1882.19898306255,-865.639229311354
474.111140584516,NA,NA,NA,987.452984790439,NA,NA,NA,1244.34045690372,94.5659260516436,-213.785998405523
-4715.24507971323,-4782.66359033724,-4405.72961600754,-3332.93148330284,-2277.86258798314,-2561.79213736437,-4714.54024075411,-1034.78347474848,-3654.73730404772,-3699.98594245291,-5129.81683038799
1404.90754949858,1253.22578244096,1285.55647463927,507.481949390571,-88.0023524266521,745.346604804595,821.818196828293,-546.266825540506,853.578778471659,-202.382997817212,468.754683698835
-1054.2505843983,-1940.99774090483,328.370283304933,184.53642280539,-1077.43672320609,-630.690888481073,383.857415176073,-1649.11810381982,56.9942743406352,-2008.65640877406,76.5255854732551
17.8494521318984,849.912905945807,313.373584102795,1107.53158236255,-443.256759970527,1719.10829923926,497.505159079148,1354.11341017087,60.0396100788719,519.898249033431,-966.577455699818
685.998130691407,1546.90774224753,947.218250184043,2407.89009552591,1508.42665782652,2946.41088376973,2518.79413066884,2564.17026598448,2688.62956666771,2255.71379221822,-185.896915856445
-1898.09222904185,-1440.34803886852,-428.422675412294,-64.0719110807577,365.026795525952,165.158223282403,630.183576877715,974.858896453859,1811.90543909874,1817.38435216084,492.186135308131
3672.57459408736,4267.90325011753,2531.85143650287,6011.75107596783,1455.19008983321,4581.84138376458,4772.66424442964,3905.70275841185,2343.1003040761,3452.99318108037,2653.65496279681
-2889.01023747684,-3439.59160740191,-3351.19563502233,-1568.85019351104,-490.223664871063,-1692.36292534061,-1414.510338715,-864.398873894474,-2763.18624526426,-1833.61788418289,-2276.52618965831
-254.380917213277,-1248.36352224471,-530.858828234987,2396.02465647291,406.346416239373,1098.75603458883,1131.44041750716,1113.91717225141,-153.778549280229,-710.181728731244,-718.46708390118
-4284.9183856074,-4848.95823269522,-1899.52738413348,-3248.71788164351,-3401.83401355987,-3104.65495220392,-3355.00658370119,-2916.83140550659,-2478.06514229504,-3829.05338702877,-2123.84066737102
680.752710051662,-965.083900042794,148.66104545196,637.174998187142,-124.050345393425,-25.4982776409805,-963.38378449599,220.167577105665,184.495020828995,-2150.68257034942,-861.200518588076
246.036272692638,1980.85573059902,1401.29477175173,988.048960197443,1455.87388452281,1558.62887262956,2288.78718595189,1543.77646098911,3455.72919878461,3008.44127033455,1555.19274357354
-1120.16154365683,-2024.47937767182,-546.468508819655,103.357694140443,-1292.23369509113,-41.7702044356967,674.282368427673,-566.19356937997,-525.722365037977,-776.321622767912,168.076117634519
2301.14419954612,2501.73813579785,1931.76919926308,2917.18411876369,1547.48293128453,2668.1824845295,2807.80119311669,2490.21046509201,1955.85225325448,1039.94630503066,1327.52638433182
2694.74743544726,2864.44165652805,3430.53479764898,3300.97045608136,1294.73530092106,2302.0311149609,3745.59789081333,1124.51771634693,4037.53563269377,1739.34174926575,3309.69429850822
-1110.08536056041,-1040.04318352012,236.514643909083,-65.4024243391214,-35.3135946435228,-289.185101535524,-372.628655367996,1208.73497211255,224.023265976673,810.243010782956,940.996855581378
-368.607889567636,1408.90670559938,330.202204478352,2437.759464554,195.514202842914,1792.13114103346,2057.08907587214,2701.64361392847,223.073543058591,1852.97970587154,1189.33660972097
-1775.27121425821,-1926.09690386575,404.403079437918,820.433994239045,-308.78880826511,849.55520971002,1839.82587508523,2356.68691624622,-63.5593081369481,1605.82956093877,2272.62067467902
1455.29198543853,-287.143606232909,-114.328517989308,1926.38878457326,1463.98674980437,937.554714804948,342.880197085156,636.954407015968,1326.40788660417,-1975.20044129768,-1518.94833601566
2149.98445654637,2162.27166087374,1272.22383399065,2151.70219830488,1429.27644149528,1924.17435666203,727.858388529749,2958.27795387829,1418.06548710359,425.485196003733,378.240863892549
2811.85691981893,1675.50577674726,1555.88363793623,1171.8642961923,2652.53342621766,2078.02441975024,1784.39754456748,719.47749375333,2263.28387285874,422.592139157656,-324.155251803129
-86.15113370559,1319.25141027,127.535859074752,1996.97524053143,-622.019276005984,1856.78137020529,2882.38517664897,-237.551980747381,114.583106481912,466.552226968774,-179.909562771058
-2473.17453784271,-1799.09403257977,-318.547573425492,-3204.3042150605,-1256.10266699884,-2277.05357143723,-1468.50979371741,-2343.83249673666,-311.707664226059,-913.605116182328,21.0360005446947
1767.90067441919,2667.56919502599,3521.8937558225,3451.05794323534,1911.30183438285,3013.17720891277,4982.88114643974,2130.59602331347,4002.13861555321,3677.71998798671,3968.50186060252
-1428.10675854715,-1112.0523813361,144.614030764181,691.792897678789,-2226.8733416423,-49.758121999796,-745.241594548553,426.033764385385,-85.0056290018225,-1115.45461593465,-97.9158577971904
-1156.38968064588,-1339.6977630528,-8.9599017396921,1021.09881521244,-949.528308716301,819.492796808048,1551.53948479488,7.39842231047328,-1046.98368729722,105.94096029545,230.581454675282
-1151.08282932815,-1010.63016317395,-204.031129817576,NA,NA,NA,-1506.65476621304,NA,NA,NA,-1644.72790562235
110.957011014587,551.700123644365,650.768151922311,2070.40183734751,351.805601177613,1486.78481919841,2342.46457300317,1255.78392397645,787.878835988943,684.272935126597,1057.87355438506
-670.657695084286,-266.429567691095,89.3448828342694,822.030450166549,-1039.67203214654,-61.6682046425535,660.773189896662,-311.141777635857,449.045025742468,-1489.54685005843,281.558543484041
-8.50714536078817,273.641076091238,143.001553263535,616.697343489149,103.58725073116,846.888663191533,520.830919335867,-129.211001147026,329.266663065599,-920.781843055793,-1299.50256311316
3097.99868265648,1965.82728485174,2193.94169603949,1172.4394999875,373.781543778491,2101.80620446313,1913.73789316013,-241.039242585646,1957.38397857936,835.757673122642,892.525206258152
-1595.37263741601,-2019.99629055377,-404.105182297805,-1881.33166800563,-2098.58713685491,-959.876759122489,-1948.90297070399,-1609.19707914128,-250.556652123635,-2447.47494104761,-1838.71013332716
-2309.812378795,-3420.71715552338,-1383.92876179019,-1506.37264525154,-1455.31736406169,-973.208537870228,548.886014373702,-2477.96338047852,-2086.17108298637,-959.610797638022,-414.406559403037
-313.503257173787,-983.43381070283,-1033.41370069386,637.97015231709,-1117.23476634556,393.40168059802,-415.073533775365,-119.916741494938,-1122.36430636882,-2045.062230839,-1877.27696255042
-1518.53387545636,-2965.62711116902,-2545.69518813584,-1983.67004114429,-2102.35261157116,-710.001483754446,-3261.01855218614,-1641.36749418579,262.643074703395,-3323.77999499423,-4769.52430922409
-2922.15583517056,286.092108850593,-465.695847828248,-1604.51867675378,-1287.31583633629,402.160281435536,-471.573273484763,556.914474490311,154.967730436259,1704.51467202372,-1256.74184366654
4713.23990472056,3390.20992689071,2872.87193243002,4075.41743884676,2266.99782485848,2498.57707907473,2538.6435571,3156.30897990459,1470.42730375671,229.342671578974,2849.0542428269
1557.6383064063,1607.12603272197,1828.19789229664,1981.37162445889,2022.03624602179,1927.23210455328,3147.70645676475,-507.994099046607,2579.67419302882,364.806994112548,132.594960285758
1475.81394059671,2534.9541254043,2665.09326247876,1310.72501300596,3523.10804028306,2254.07670792317,3351.90727660067,2113.31275612469,3801.66749700002,4159.64757404513,2456.30888916824
1436.43461146818,2130.32626628649,1079.41459451411,2021.91095882716,807.612531729066,2121.41088085331,2200.73313000905,838.027082801,1690.19409184747,346.754576236421,-182.178844173652
2192.57320348253,1453.29770416039,NA,2200.22862436088,1235.98423614589,2454.13485345066,3072.78736721893,NA,1107.24279761798,1189.91733569821,694.111010950842
-1523.49051876986,-5.73002652094249,NA,NA,382.538276273553,NA,NA,575.013465435811,14.9390814064591,NA,1363.75621968797
2059.08274519759,1745.22605110484,3371.80610435804,2704.86635038531,2351.98924487211,855.923951451716,1803.78208097585,2157.81116727595,3132.97910204658,269.769058663663,3196.67681758914
84.3089961738188,-487.940712915112,666.480947893978,196.289493426525,13.439504617425,372.066267578743,125.16510947175,1236.61917170102,-376.877817115869,192.806087288938,981.464197947165
1995.15924304565,1695.51631197916,1302.24436515012,1794.32649664772,2214.59493412888,1644.82348242734,2425.92283331956,1365.71732041292,1325.90841687933,1108.49455926678,1356.7020716669
-2565.50080801192,-3331.22926198053,-1740.29221051725,-1230.83214052077,-4008.4351214956,-695.729388289386,-2678.23479539197,-1713.55062216299,-1760.47032948711,-4463.24585140652,-3979.78668650497
-578.841396053561,-890.584158156008,-1412.4993578009,-8.67096888839001,382.647832823882,-405.837665691929,-2012.15534176724,1446.27069697041,-778.476156817952,-1761.92123949502,-2038.71884746828
-1844.76976708914,-773.395120551657,-1285.45290400351,-958.617941692858,-1598.16026294349,-8.100647705754,-1016.04539973102,-64.8426810182842,-1650.82171199116,-764.523285346983,-1932.69025652446
-1730.51732228973,-361.546173430482,816.177463431042,-199.134830637372,-2647.7934882825,303.005590179099,790.172940213195,-436.122848237227,-151.286080684616,843.831643083453,1236.97205403077
-2741.29693287674,-3134.59660294036,-1776.32060296737,-1890.53314845351,-3616.72117809469,-1318.92911244714,-1484.00970192184,-3010.68277743935,-1869.49791258948,-3313.70495432457,-2438.00630968516
1159.16917943937,1373.76702629753,1550.14438095302,2799.45049051982,822.362830685046,2186.64996889756,2828.95570138014,1622.143649136,1201.70681063214,877.619078615233,1314.80287050321
1405.45726089847,438.811655816002,1857.25831235861,722.468711143917,1559.47010650211,667.462436686339,893.969881264384,1525.68658241577,3580.14326630098,622.341760463417,1949.05649662559
-1320.9539873386,-2817.18578340577,-1591.17711703177,-1754.51793589072,-1403.67659345375,-1654.69743587931,-2211.29740571644,-1490.31912624746,-2392.7225990813,-3139.00756537591,-1822.23843373741
2512.97508179251,1559.72460058291,826.54721175678,2317.62497082403,2660.75228814964,1529.01753357514,1621.97011057382,1604.41940726073,3305.33247665125,-53.2623716253019,270.039735421503
-1860.08733288541,-226.781219721009,1674.8253614806,535.272357962496,-1237.53373905314,1896.3160492587,3052.64081777138,850.908297100447,-41.4035518974539,3198.38844078512,2107.18751015213
1463.91549986315,1197.74290645776,793.277338188812,3234.95035876469,816.226501582172,1330.78181493798,2128.80355025243,940.297139335742,627.637356468866,-563.794324723246,820.326778793895
71.9615028364158,1673.9697641559,1349.65736419361,912.452509099559,2089.73221715539,1102.30588890468,837.41353676084,2094.2778434989,880.067383008152,852.876600981564,130.954023368578
1222.18950011107,461.123425843227,630.230039628811,2065.53600145675,1114.42460322306,2374.68592557607,717.787020565875,1738.02547001463,2315.05013761176,194.169699746958,-1692.76689384516
-725.118500254709,-311.454449918846,-194.994666386042,-259.652788681991,-800.768691467231,563.478096888614,228.061788836135,-274.143955856346,-13.4633029146682,-806.685844808331,-1188.43958443976
3.07251718559871,442.455579586749,-534.879026569835,1985.36422250265,1537.02907101154,1422.52356571167,2013.90284789713,2030.19902718915,-1094.67725871103,759.443171941455,107.075033585256
1088.85669371284,1642.83309649287,1119.23274097593,2053.35400630899,1275.77348321878,1932.87509417483,2306.1013774959,1144.47298439203,1252.40448053516,949.656450698403,462.737414809722
-1334.69077362469,-1812.94299536024,-1964.44676285006,-1698.68715642668,-796.037691244822,-362.77106615354,-1906.33223628273,-1275.65818806385,-1951.009260897,-2861.33428121892,-4154.63416626839
-697.685664090332,54.5137601887909,1509.7341159473,345.421401800858,2081.11171831613,-416.038666388181,1114.96053571401,1761.97252604642,274.234211955866,1396.55965108574,2887.44861138935
-621.029569931077,-78.9546576940515,1053.01014394935,483.096170045301,349.388635240994,463.460652931571,1750.96130817709,1103.71448117971,957.458898936458,1592.14487662268,2394.27525036692
678.389468068686,431.774625664618,2183.26036649226,708.816071672338,492.435804503144,292.874249832811,821.010641411926,566.093234758841,775.963596668133,-596.022385331642,1704.17534483131
-1049.18109810514,-1099.12003149403,-1619.98059520284,-1252.19730025058,866.09363649336,-74.33526321534,-819.229680906251,-142.338594558482,389.196949677182,-532.362607611826,-2537.10499855278
-666.611031240454,1516.92282836946,774.775966608328,1468.20757482622,-360.095044300973,801.392913893753,1604.17210858892,810.652167085268,-308.45178509655,289.784682995161,822.97811450331
NA,NA,NA,1647.70006723305,1672.68344827792,694.76731405857,795.097929914954,2356.26029289026,823.439428588809,NA,-422.00097760328
755.685119314642,1631.79951209797,1008.5272063989,1548.13692165011,1546.55739958129,2466.15133589613,2717.47365192426,1320.86447470957,3712.18738950241,2052.95624214177,39.0370145406092
-704.248388355935,458.33999098704,1917.09571136775,1460.73050008152,518.393384271546,667.318907415379,1227.20375027832,2265.77770581065,1109.50188057043,1093.69747412218,2263.96024313399
1279.77099321126,269.015471493485,922.941045660888,1831.16281591376,458.240394658123,798.458622954721,602.222122633829,-286.592854820241,1561.80352140244,-2085.49860968561,-834.714111324592
52.4560378390258,1024.01125152232,144.710946330939,2646.40516027911,1274.99354467336,2593.95362675269,3471.96910420314,509.27663082684,3904.21588673578,1788.97405223166,-785.753940867761
-372.080632867121,-1255.81382704976,NA,1433.05186876583,NA,885.764164516961,796.577251649118,177.904604425778,-2023.07606708558,NA,-1470.16376178564
2062.3092737307,3301.53707945445,1834.09327983056,3486.70438156679,2754.95139310989,3458.09036308767,3782.18570247807,3743.5319558666,4046.29320287376,4192.26041582143,2038.58044470953
1154.17035955438,-916.922402054724,-15.9075697824077,168.595742610459,710.719639649016,349.026620272834,-1585.57750325288,1271.29116319997,1668.73861877969,-1238.98081357823,-1258.48239872287
3404.31727667737,3349.15088282762,3133.77633031334,5091.56371995711,2278.6490876552,3443.00797135208,4123.22085276137,3286.20457453799,3872.09281513283,643.467763171231,2347.3434704805
-684.701055169185,2032.08006957577,312.675789689529,1271.92614477835,601.617974086228,1637.15392252087,2906.07417726529,1021.00422189248,-381.098875174475,1609.44163644566,630.295852318454
679.918150240009,2170.56878399257,1084.17546167245,1418.13167870023,529.311827489479,1637.63112822443,1880.20167329457,1558.26079928957,1557.72611770749,1903.90609840544,1286.10922906658
2558.86021582296,2268.69204769128,1818.50236579103,2949.22624672826,648.44552966144,2303.62382782165,2152.47234149069,838.490819547519,2234.84081733091,-119.965656492042,324.870521033712
-638.779863289994,614.748248165149,336.636523738038,231.475945026101,39.9817212768552,1294.42176425978,1879.12464993522,39.8468647395547,1519.01434016452,1465.00956556744,-8.41501529439338
5540.44604344896,4040.77818937773,2089.54905443157,6757.44492774931,3354.40656861116,4788.85516045464,4555.07308127019,4041.45700647369,4162.6868012551,1244.95249847708,1183.95581343958
-979.913048366103,-2505.41675747599,-1796.69290000488,-1208.91898270305,-1328.91133422114,-362.571959560492,242.788887148854,-2781.78697056545,-1766.09920574783,-2344.79001665576,-2203.38962390651
2491.58682239563,4470.7564848386,3241.34203513582,2926.47675951154,3836.24471831727,2571.26615819157,2645.69619640995,5289.59589682992,1966.26176543831,4499.68599262328,3892.54097222326
2291.49252888093,2876.07046819623,1486.56613013251,1709.03780559079,-10.6127706692841,1689.90674549587,1145.82469730044,1445.36625357135,1246.4512247911,-318.287850275957,816.56772315217
3274.62631216787,2595.71467654991,1697.24404815694,3670.42909404701,1661.66097147524,2213.16952905425,3193.75289417283,2621.2138560956,1972.17333658917,973.718385536634,2941.31445008568
2023.9013294375,2005.70496467346,645.683416274262,2666.09662575671,2256.92083803184,2873.26686808392,2523.3635898946,1783.50896029491,2713.1203987676,1141.7080165005,-805.248826755455
-3751.89059140003,-5496.25429804244,-3222.8689860835,-2978.78410178666,-2409.64891741863,-3035.53221010887,-2731.85709075862,-2018.13748632689,-3601.81409877893,-3180.16218772395,-1632.78966707577
1360.93967518491,-131.790897132172,176.490649563952,705.20425892764,1246.15353864526,1686.33274846795,-191.377552489566,1410.05760007521,1462.82486626614,-239.038075081973,-1837.44667142473
3002.58063795722,2707.12921267276,2425.40264564762,5209.31025667544,2049.36760810088,3353.05335199425,4757.25305433163,2339.01114316032,1153.85125491888,619.794316120326,2226.95421119631
3018.91038767711,4967.1060264141,2576.70905412344,3718.38453452397,3467.13445112007,3458.26097779856,4061.84682037889,3560.87015102186,2209.72453992426,3453.51235315932,2300.34346860986
-1014.37416061188,-790.563097916334,-899.88082270073,-1277.30550925118,816.525519579967,849.46180593475,763.025437358285,396.947094413848,-1600.52116473841,1073.41701619226,-1147.97780772261
1141.2281002753,341.005009594705,-96.6080109633184,854.252439260162,862.257027361172,610.840822779342,-70.2911928134544,1505.08276779849,1242.98998818212,-210.517192898905,-57.9953406686992
-125.99372707985,1383.05345597227,1910.09003915616,1103.94590008716,-78.213895571631,372.990174562794,2142.69704226308,135.507127356123,1313.89012592803,969.403960802294,2732.60045951575
2259.04995332169,2473.3152565827,1063.91890143267,1702.28622889226,3823.89490862522,2551.73019039317,1918.40479542965,3469.26343080717,2423.89439919202,1821.59336911666,123.711360470593
2974.09767293588,4096.13918057675,2246.22641011375,3414.44736241057,2623.67386961227,2651.51398078704,3351.28164739248,3536.02889602765,2773.26339476845,3163.16819635981,3182.1407898396
2582.00048400536,3859.27047072921,507.535775723,4226.72316516206,3306.62541802776,3566.36111980751,2187.39746783779,3819.14024456101,2232.06713827434,984.504433381511,-1660.92902776027
-1210.19780866141,-901.484217939303,-691.872295226242,-2063.33387499089,-653.424748667029,-909.247262105656,-1112.04271962329,-1694.45346171806,-1332.17258374906,-1224.09127701965,-1539.06681218533
1164.65800229965,1666.35506781477,1480.29080627626,1145.93581221749,1488.71827520269,1894.69592035529,2832.63032724166,852.04641483601,1764.40497479109,2059.5339615496,1326.20875246444
3121.21603405367,2696.96266279469,2129.79351726507,3725.52417216559,3389.16507543541,3284.79015954841,3407.95631715278,2590.78809868647,4578.1386858219,2338.39984410616,993.498393504231
-3729.1188913754,-3353.25238852215,-2163.17540984561,-2876.57268859863,-4646.70795860652,-1132.61320173011,-2203.71509387061,-2560.61964339028,-2763.2045200088,-1911.15075072608,-2748.90212400567
-1294.04674829426,NA,-273.123034540156,305.529123619954,-559.540901042485,NA,NA,322.756814056927,-345.816154127348,NA,-433.311749140929
970.989988346677,488.544920663171,1403.58413316137,941.621350429831,606.058815147712,779.358024980616,2196.32894415145,-248.839431645946,816.701001169042,584.452942439991,1865.12839445671
-1265.60730172215,-2055.79970700472,-738.850952282217,-1133.44694475909,-1277.14432360629,-206.506446030071,-1369.12708140854,-1060.81337990958,-379.668641910788,-2237.16135962752,-2616.99170884861
-663.992283769353,-602.593656901236,10.5609337662862,-1197.22544505395,-1793.82414522668,-263.723866643213,-3430.49585751746,1392.26965309439,-819.065870472071,-1678.19740700022,-1792.25065025047
391.617771702843,2368.25088577887,-567.099989697649,1234.7085997464,3128.60416063508,2674.73452233074,1048.51325314921,3745.63432240039,2104.88556751866,3107.742858591,-1861.42844178706
-4456.6894399442,-4850.54194138323,-2867.52347240257,-4105.15030070041,-3125.39572587692,-1430.62556053812,-2946.56802585982,-3178.80519839876,-1900.62515689537,-2422.08298725506,-4909.94832205576
1913.68069366825,21.247201640184,904.757053988107,1564.68845288271,1740.46421426018,1183.93951545389,647.634533170143,1222.65782591829,2883.43993785558,-940.18694723421,-225.906939404875
2679.83037555806,2186.89331943537,2163.6858683372,3394.83247942329,2201.56851448377,3220.19879551917,4343.36049698085,3039.95082736472,3173.79972324631,3395.67825294037,3257.03744261488
-202.400616441905,579.705469901995,308.659640895618,1610.48820701779,97.9953853547183,1042.46438431643,355.983805171022,2857.01092669339,351.71307665982,745.38987437333,695.500659637371
-1991.48931076958,-1012.49495031962,769.828965027443,1025.06080102189,-882.025911658077,-154.100805822625,1554.18621409396,280.941391744846,-406.000203176182,516.369046453639,2101.67090450508
-3275.55534496074,-4225.12006220867,-3090.38881392087,-3742.83191381804,-2773.87677614596,-2814.36280727015,-5088.51477714495,-1957.77717869957,-2440.20828577588,-4436.47896266942,-4360.27038110581
-934.487290146024,69.248186663635,552.247865484243,1107.0133093568,-836.671472102913,637.933234571095,1332.15704282599,892.137184106899,-928.860776029592,435.218765468501,1227.25818349995
271.134633961238,-1405.05635569422,-568.585194379701,-162.98918795814,-656.279612571926,498.816472837699,336.784179414137,-537.462106264085,1533.21822483165,-1302.71986680796,-891.124539168418
2821.40690646784,1067.06651267144,1493.89954749217,133.786177183087,632.722645987191,1029.73073804121,-714.451658488201,1402.75348908078,1320.98016869581,-1384.28586893465,-149.880138464613
967.794494506985,1025.70375936941,1794.21159512815,1101.46964500165,-208.16025393718,1642.09462034607,2285.71166972385,-206.982390538853,2044.82738192389,753.489768388696,1041.08117558149
1766.79900571987,1955.42660843254,567.376618328375,1449.48908698887,1609.42481623608,306.066173223854,250.627945248243,-134.768076431693,484.924208717842,-1476.9421371835,-734.593255542729
-592.375930328414,-1089.00491257581,-1170.79884946744,-1672.85079530346,-95.1000189240721,246.956016339119,-594.96261358573,-1273.40361928786,602.351790977299,-862.925977775671,-2735.98122587094
-1782.65148229279,-3023.45378091594,-1714.6999462201,-3675.79692126599,-3244.4841787551,-2077.17066247122,-4029.42715072861,-2349.42816751933,-4187.15057871567,-4458.82170351974,-3248.87816251027
-1703.57554834167,-1708.75299837752,-1976.92017314723,-841.605537242445,-692.889689446943,-1054.43765582014,-697.692927814739,-567.716964228735,-2773.79029617687,-1234.55108042285,-999.100563327723
-2446.12325700887,-1632.60179989704,-1425.16558606384,74.8837632449103,-1937.49275169868,-562.096491648074,-1342.91285685496,-740.742377618815,-1228.73162560201,-3498.30151796693,-3020.94660286596
3066.21370978717,2973.7234127178,4017.75407949826,3019.29744684965,1603.22510198456,2211.74569748106,NA,820.801537981691,2654.033210362,NA,NA
-808.472176741804,-1192.08252515988,-798.953280723587,-127.72272413673,-1643.43186866917,-193.023341963202,-2102.84400369574,186.63164155509,-1583.18196799008,-2536.50194199402,-2387.37343045557
-606.929925454802,-246.878984369252,-145.561060690416,903.886133073143,-861.25151671423,992.744366384302,1333.97694367139,181.819520920116,179.035333859322,-204.27663121427,-232.446013041156
2125.49012646722,NA,1895.74202066464,4879.62225204053,NA,NA,4848.42750998595,3216.83415264131,NA,2474.38236083031,NA
427.960587682482,-915.344462906637,-104.503645699691,818.302412411946,-609.091097324973,231.648692104905,-770.544468486205,-175.933007055082,239.007141136139,-2067.76619004389,-1314.9422261356
2293.02462581707,NA,1737.61209276641,1827.36112095219,-70.6414476761745,800.977189482564,636.924062766396,269.254463513141,1302.59487775732,-1464.88285654272,1012.99281392454
-2256.57683767695,-3078.36276384639,-1786.29683491044,-2083.38666992062,-664.218476866789,-1408.82345785285,-1034.0510991743,-3767.27418689382,96.1569992748969,-2786.11945073208,-3477.50488634547
1321.91387991399,NA,1279.39889041828,1602.77031929348,NA,1088.32855007127,2623.17659703364,1298.91755827843,1571.24180747977,2559.6936956059,2521.56966984726
664.957532769334,1604.32846736832,3272.53435485604,2056.09700192462,-1015.81768345108,1429.92506260328,3003.03420719109,-267.330341817445,897.005824980255,-195.959693371601,2560.09674801484
1960.32159277019,NA,1200.22554304447,NA,2212.10525540232,3259.27123733044,3030.28090385668,2736.99064573123,2155.6848038553,NA,205.94738530663
571.769261859042,1192.84519036911,1669.13245411308,153.349435609571,1142.26503533697,-356.318192629617,938.244688880726,308.859698541258,1765.19604627531,-108.401256917526,2139.91765831761
-444.951732228094,-1503.88471005295,50.424649255364,-225.888851582056,-877.779798081649,517.722607054131,-718.011869658582,1119.30331301541,1243.3503226082,-308.631905062445,-353.792654336966
2117.21817400774,1953.17504178863,330.900188081137,2468.72243807517,2170.04719240487,3014.50263346295,1776.75896895564,2974.83986964161,2605.74273799834,1145.54368931878,-1011.98266799424
-739.396520630021,-252.434010460472,-890.306795387874,1268.250202334,-1297.61548256319,-525.578202286347,175.622208967426,-1565.84509641255,-1789.77494508518,-3755.19881445587,-1553.76892882764
768.726219040882,3645.50935785783,1788.50807271,2631.046286738,2747.9405746098,2555.23443479642,3044.15196675671,3699.64092965828,2023.14797973114,3822.21693363287,1953.75996340227
1831.24567146889,1963.55420304019,2322.69053519779,2708.24126965608,2475.06401190761,2011.41900739746,2180.89123694131,3425.31878649475,2847.05549850502,1937.13833519124,2381.98074934488
-723.048897852237,-3301.51213120047,-1989.35024060381,-2280.394641516,-902.266881118954,-643.403958108302,-3408.74582881876,-857.477584499279,729.948762052353,-3511.07547900404,-4494.58336650891
1531.80552983753,1502.49642904291,2047.30341626127,1851.4695296633,3005.31620392193,1935.28856851499,3049.1381385249,2160.64177337469,3432.53710583242,2713.82298130314,2318.14755581361
-1156.08370531405,-1650.41170485273,-1318.29775591959,501.725872592464,168.850257057351,301.827095988443,1202.70969693682,769.69008242552,-1812.77150327985,365.155241989209,249.778251969086
272.692939316177,805.701796758547,1507.59659696216,1528.54328782264,500.748723532805,1750.65682801154,491.909857788744,2791.68487961007,2499.69222931695,910.510570239021,322.838482619399
-693.914136373219,-667.861045547012,-656.384126018462,634.427594294305,-313.34477286811,1060.25648861289,-324.286672758137,2125.90788210885,-1708.72721807477,-412.430845336386,-1256.83811432885
-2833.6474031231,-3196.69359440315,-625.086248878731,-2748.94630966525,-2161.11561255881,-3796.56872159892,-1637.34411893286,-4025.88355877548,-2082.7710566573,-3749.76086381219,504.417462870381
-4162.73664841743,-3390.72096581789,-2106.5465712875,-3513.0932337077,-838.562408107113,-1197.43127211769,-1852.2066375871,-1794.18958316463,-602.768349266054,-1077.02320949763,-3735.37223075477
-1073.06238162991,730.347490854611,-503.463589379793,3196.67566988963,6.71422485315952,2935.23929022746,3841.80522450251,1866.51516220367,-470.023598089919,1230.94072886208,-533.88568903159
5253.47259122864,3981.58697590107,3602.71337975476,6147.72311304158,3816.54821323501,4991.10386207179,5304.80205952707,4187.95884045406,6314.17646544396,3062.36566560283,2820.73471203231
-2936.2191462069,-4081.16740988314,-2470.61781276316,-4017.61134695464,-3273.23604640947,-3187.77593594647,-5520.65230280508,-3268.86700485467,-2685.67774135249,-5607.95466549753,-4746.94458237056
511.926148899675,-485.74876642382,-993.114852258242,-1142.08372674947,-189.586530418648,828.51328064031,-622.015499028975,-139.26296579363,-980.618234177407,-1353.87567955035,-2495.64666315386
-256.981079117527,-1499.66118184207,-959.64890316768,97.9207186045884,-517.43927789052,483.21029640459,424.569516021656,-404.303559117398,18.8725298939822,-967.183421613977,-1121.7562273158
-704.69464114326,-170.850410664291,1445.83316123677,557.948530422494,-586.610639260331,828.600145454781,2299.78463835522,-1395.13558907451,2223.78282946234,757.146938215465,915.11168517544
-1472.37658349481,-1069.72905439623,1145.01849014727,-407.512234584762,-1673.4999766579,-858.973705978824,461.647677348635,-1960.8282004208,1681.13621350926,-751.82873195532,1212.27236369741
-1803.4332741248,1202.61751428716,599.908438056378,1469.0177528442,-367.136621199363,1188.91389206633,2266.69628914707,1455.35219139985,-761.644443033504,1959.28004205994,1295.35469267658
-550.089540770197,-593.990244869407,804.897933866478,-87.8466957121173,-2020.74490324384,-304.520285344617,366.005502970938,-1455.41230499391,1143.09981821661,-514.811837050365,1053.89666400878
1038.44997098267,1561.84974121054,346.678339314137,2915.41023227046,2422.18953324902,484.494548053006,2253.75926245581,609.974371926437,307.189516097379,-120.061498876845,992.179425424434
3435.97191170056,4210.86735203907,1227.82136365374,4439.62079150811,3138.68888392779,3266.63535698346,3899.85815105676,3382.08531455102,1227.83824383133,1630.45178610508,1342.82426165193
108.137764956274,-2120.00815604731,-193.568553958899,-1451.47104095034,-682.11678183543,-1215.33876081743,-1860.80732060066,-1554.30694554846,-507.566722366718,-2352.26392459061,-909.613768542087
-42.9635594451418,-1024.00158451769,-2003.98154154876,-2912.33862688286,-2178.34075663727,-154.356000717465,-2631.04278224156,-3020.16975204613,-1168.09847737442,-3247.23498342093,-5130.08914570088
NA,NA,1421.67519593579,NA,602.444418488485,1479.96611900452,1837.79742232798,-801.700580440347,3484.70216085162,NA,87.8642690361977
1582.57084817215,3874.93138659949,2236.15075697956,3516.35018555033,1716.27405020708,2371.11438577169,4810.22804291188,1786.27182476232,70.0304819002766,3453.31982813048,3703.07597864727
-1197.6824693861,-230.489761118127,1374.35520221504,-918.335166177482,-1432.65264369391,37.5606646149427,-1031.26376661785,-825.716412683994,327.940228205394,-1121.27056161813,-1140.71241688527
-124.943170250007,-502.509839198156,1288.64242390709,834.085841205238,1300.31787683225,-480.539204949322,735.987925693503,1185.46688651193,742.306304030814,-283.996969139931,2291.38411604241
2786.28664281086,3201.55096159369,2690.56598349854,3783.95962200063,3908.53871913794,2644.5422455852,3884.9262188508,4239.86105330551,4581.39267650244,3503.70556893195,3873.95925394794
2065.94629816389,1157.02673321846,1146.70160777534,885.637611333852,100.946298885682,1145.22738156023,1090.64515663445,-413.755381493037,6.97352066833048,-1505.55995512998,-97.4604738461718
693.199536414886,1894.76626309291,1780.75790430499,2323.19128038378,602.471198825201,1417.57246623404,3564.99452644015,723.702911521844,-446.951291134416,1887.94584534627,3033.63550349533
981.900507463198,646.117292836256,848.583091513424,1964.3245703932,1108.5223453016,963.29685580455,1151.16466203026,2056.77625507768,1186.86456197496,113.554881510333,1260.84662223337
3546.9721520181,2050.42972688249,2081.11255162235,3347.44693489018,2664.25525683139,2972.33672297634,2950.688526544,2614.99469056419,3054.43194521571,1227.2108133782,1451.71518810098
-3973.39352609617,-3109.33397615171,-1031.7623425051,-2598.90932671021,-3799.28608232298,-1850.78964196057,-3310.6077193908,-2586.56967444857,261.214326958366,-3211.86453515323,-3222.33787654256
NA,NA,494.59761961526,NA,930.022301447629,2331.9736577364,NA,NA,-118.073862837274,211.460772795769,NA
2890.69486839165,3263.13215737968,3740.30856332627,3691.09726521259,3172.802908863,3031.50751343881,4038.4126374889,3848.04084601272,1819.4685152568,3197.88627069146,3994.60350142789
1723.81992675567,-131.071762132185,1521.75966136592,-181.300990632393,271.071638496491,-52.6812463588678,1454.54266788075,-1873.80158231228,-49.3593309798587,-1852.78951357755,1367.2033203816
273.588883356117,-43.3541121453313,19.623549942345,882.867467883297,-1227.60506670363,1059.75817464321,82.4173111890822,1024.15472481602,-497.377699563757,-635.234349530283,-368.777061320388
2296.13056083245,3086.42921740652,NA,3006.94358632208,1894.23806398892,NA,2442.21164665083,3368.29504522916,880.687139854037,1424.94810360646,1527.46081357005
5214.10221203223,6735.10598829286,5270.96184337278,6049.51141853117,4259.22019953603,4960.53205557625,6950.17103714389,4507.37691862542,5671.47193601633,5520.42201521894,5798.87357723542
2061.10643437533,2188.94416996263,800.845868466556,2014.34576280956,2181.69788104822,2279.77154034679,2937.42001033339,-29.9368324206721,2698.8296169149,993.925809238463,-457.132661531468
-613.045754939651,-370.060586895283,-870.847621563179,950.82909578907,-623.514724698909,341.952500011168,-702.551591643846,277.072646840529,-921.498933220286,-1133.92028696332,-1880.34774912893
-824.985557416398,543.191577526096,892.624319907655,864.449720921724,677.321029043807,863.094268910812,795.123955713608,2311.43060760736,-288.284679257577,465.264931341159,676.22000642325
985.847716940944,842.747999249238,1187.71443227721,871.762547596027,-153.939878361111,1326.74420834061,879.992360034517,606.278368780318,1769.54915720572,-568.987745181667,-17.4822718494906
-1367.90172816866,-113.681844667829,-204.730679932591,1169.71535926372,-1871.97612698929,-409.363511054661,380.381696880843,594.401459025545,-2739.18784709381,-1878.78827868258,931.326300494525
2367.78019343705,2244.25475945038,2639.3387487946,2580.47077877302,2146.47430684339,2767.83626287868,2970.25952165506,1887.9769918346,5325.45077966262,2306.47257513711,1555.36572515073
-2150.72448120846,-3269.47090839845,-1334.50667495054,-1473.93500282036,-2337.40229831264,-557.286193216683,216.453068096143,-1575.55260793436,-1107.28048692199,-1178.90853032873,-365.204112626513
-1312.90750192505,-957.61410702535,-509.605179991136,2312.169033929,134.374664597481,914.643894150931,1588.58958006645,2348.89168575439,100.578603719554,229.813046932715,738.35577206303
232.042628883907,-335.358184121277,-1494.51705546378,1107.66937104471,-772.300501873226,682.591551017166,-804.022615368379,93.5891695469211,-1074.11914728715,-2883.24106753886,-3138.43493465519
578.631193882846,-536.789907716824,472.307148394241,-710.588146585861,-2086.95797191979,-574.089449561543,-2205.8566112408,NA,-1242.0909686069,-4344.85472421119,-1979.6856920719
-1174.46125442604,-1068.01533949203,-568.370397955885,-0.159872093727813,855.871924283973,-221.713360522924,1084.46248088547,1000.44607890477,-817.687031350348,1040.39226227798,1371.44756694176
521.864145537976,2807.36693127183,1687.70907587791,2984.03216936721,912.725340370529,2307.95460370834,2699.27196095346,2523.96912613341,1213.12951657695,2794.12420716722,1787.41168253501
-1572.09896475287,-3080.64380598863,-2350.76190571574,-928.223313967594,-1165.73021602462,-1.89693062922197,-1145.27791435503,61.353842236139,-1735.50827537124,-1923.84661285798,-2734.83717927569
4467.10104290319,5479.36609516798,2311.15353875198,5160.06750493116,3805.21240750345,3842.34434621406,3573.69596161272,5118.39341218304,4350.49618748431,3122.50770846731,2374.87996845791
1406.57752544114,1142.16114376644,2693.2974509681,1230.72999639127,1567.08761031473,456.02785881029,1784.02879168454,1008.85756340595,2099.71700822206,285.261066743753,2953.37091260384
1415.33719585506,528.582681335611,-548.70317307969,3070.5926113348,1241.95213150604,1229.81378874215,1967.12362646594,924.377964056421,254.109081366631,-244.26833354108,163.066648401834
-959.694786413972,104.395553050582,1055.03106229234,1256.62589637678,-247.591273206443,518.937034452048,2083.86448927164,367.180545273207,1256.35858025451,1399.22398817531,2112.42180046556
-3728.50152361974,-2147.90571318246,-939.047745139144,-1360.77739843889,-2331.52094920074,-989.599874578682,-530.152062402942,-705.661375121352,-831.386650612124,42.682293465099,-187.753934560347
382.355468949492,722.92906212137,-276.860856417312,1584.99057330345,1167.96761272237,245.102669830191,-198.656055236675,1376.07770115912,753.756262975386,-1914.69006965191,-1004.39914758066
127.584647733958,-795.552663920937,326.60912978933,1130.08322126283,84.0431612788881,446.808273924555,633.341243394619,-987.836533912228,421.649250295273,-2212.43613490804,-1319.54442328092
NA,1167.66139916494,1358.9461626462,NA,NA,1100.74253787403,201.001196572861,-1187.86411880483,NA,NA,NA
1725.47750990009,533.995299847777,983.0011279722,724.441953878187,231.90981874984,828.527280918569,2154.17559607121,-140.966333545656,1492.87717244492,19.8964641308574,1995.4249500012
-1057.8758679898,-1221.74062699198,-1705.05849077905,767.934140653578,-480.106688141143,697.460889688783,234.6278675931,-271.668977956804,-642.077354188699,-1588.10130270861,-2790.73042349752
-1081.34183376025,-1213.9254504842,-1612.74634832787,-365.036870403481,-2028.33094491081,554.194540304274,-1998.50639953745,-113.044022762914,-1762.07350883848,-2766.58593271624,-4122.47001305568
2899.26459279097,4875.38157871931,5155.11415692683,5292.79744717035,4203.39835267924,3398.69803065007,6565.75853132462,3235.43477976548,5479.60665474304,4816.70002980585,5952.2894646124
-1823.72350172744,-986.283761984032,460.547710003512,-616.732040311666,-1471.57710939227,-223.662793518581,-153.091594582341,-272.262279950857,515.314874580536,-505.440931157828,122.689525701769
-702.102945741577,-1051.36886837892,660.511236332762,-1574.91188585689,1021.97170279468,-610.039570953517,278.928442702735,-739.928424041417,1469.72171415996,-100.586144151181,530.302289875043
796.017701708859,726.770742603833,100.555655987228,2840.30336572219,1903.43598069418,1328.0356393706,1074.25167644065,3212.75248762486,404.651839074554,671.413383137885,583.659022906901
-1374.1310077548,-1630.77657717696,-1009.39882678377,-1433.17323256703,-56.3044666433115,-964.428166286168,-959.790362880266,-671.47625046575,-1675.25112591674,-1464.58528744636,-1139.7708658658
-635.780659641082,1087.18207440818,1528.63268617189,1756.17897919696,483.691899325073,2281.89343596889,2949.13544396501,1519.40019337264,264.802766496105,1338.58646141982,510.914604323758
451.11308186259,1202.10140909954,782.603379442888,1600.94800414773,1157.243821293,1577.16385949382,-146.207534270187,3168.1792367081,2056.03251039987,206.767300977747,-743.481095970217
-1908.3377302308,-983.807134837534,-521.090835680484,-632.290428376881,-1615.65690209731,-355.277288159011,-1714.57530204483,435.176235358905,-759.064311158747,-1071.51872273546,-1484.14528034932
-3227.40967753972,-1456.56345212093,-2068.34552589172,-2360.39250198882,-2215.16110749552,-2366.78501974182,-2754.08566712696,-2480.42994329872,-3715.47634772986,-2308.69313735521,-2610.2376289657
-1580.64541296834,-107.99761195156,1308.77169627979,-132.556880918052,-681.33210457401,-593.782010310647,-55.2208500482272,591.662512136989,206.493274053385,228.422150653287,1720.81341357785
1279.78150995467,-94.7585378639814,1902.24066586748,2260.00166497504,-71.2043891141622,1725.20659233913,2083.12534774935,1738.59281707494,965.516087685379,157.415323512713,2123.73101171029
1200.26706624779,3025.63552727451,1861.45267015124,3407.94889494358,1649.54001638364,2125.23948837562,3979.37156924878,2700.06098718931,1923.2142959694,2811.45646164375,3469.25061943099
23.3896374327761,1521.88073928825,688.307149918999,802.111668638676,989.657766432387,1297.43214445529,1227.88015632756,902.437767769684,2310.70564136452,2179.84759958552,128.347735391483
3212.28705213845,3002.65883268811,3185.3480648802,3283.50401593078,1381.8152396624,2454.05638389968,1511.24024734038,2329.71001086124,2509.49797134455,-95.0451615132222,1060.83787175651
1097.28837962402,1345.70961431102,1848.35295578394,315.310498112827,-945.275956119346,2303.32775352524,1223.48143267208,-569.139310528518,3941.45600140469,1192.03171089859,-742.262969111926
948.109037707312,373.301155831818,716.628571539876,-263.857767260991,-243.693960495179,1255.44298310203,-766.022245235731,-68.910959266471,196.411765096597,-1384.21468707021,-2397.60278900754
2471.39614069121,1586.34001629252,2450.44380800033,2210.91151406281,835.952238043935,1968.94704183112,3792.84933725426,152.409043301387,2733.06676373311,1059.24689850624,2868.72502485731
-6081.09013736519,-5335.27888134098,-2883.71355642137,-4382.40567439165,-5295.59636875401,-2381.66034792115,-2653.26214524193,-4372.57191688388,-4916.14941956888,-2947.34797067118,-3722.48441636771
1072.66946810396,30.0110659325413,1667.7732140833,1149.14937184663,-469.164430210623,356.482619977705,512.56732352615,-647.477494552157,600.086850836746,-1897.30847656882,529.083601410831
-167.739148902411,-1507.96927398788,-576.349878019152,-1520.0620713289,-1833.18089999604,-581.439951259893,-2058.33757284415,-2027.24179721954,-428.676368182054,-2597.72802267144,-2433.24616244782
3543.27395030734,5699.15577625776,4587.53858990277,4909.06360297278,3071.222656596,4672.7740690339,6570.7154313473,2895.98076364225,4083.62173968204,5177.32685788444,4140.11056440365
-229.617352974946,-920.958666464714,-303.893967593321,-1228.07174906719,-1161.58164209824,-175.131595418383,-122.526222112445,-1210.80587153472,-1070.70284184558,-1337.9378466354,-634.788208645773
3160.80873185657,3400.30942952832,2225.73062781025,2751.8318173057,3543.99438953338,2496.6420145686,3088.51800097454,2517.24868575015,3105.39857742806,2620.56322008963,2029.05629055849
-2235.6677151824,-1604.86841296983,252.984984146468,-1786.84436075069,-2260.41853792286,-757.216810550821,-1371.11592663081,-466.625602328469,-269.480584828204,-655.115906254296,-251.220820254169
-997.573404892922,-688.310559795821,-1027.5049299901,-146.837469003297,852.328300172611,376.733290335151,-456.955007214098,824.155800518031,774.53237006783,381.175447309016,-1746.7041454179
750.811606388068,NA,NA,980.458783412736,826.07341945417,587.4785922411,NA,828.427266402709,NA,798.495138434039,2511.2575810705
94.5768953606823,-2313.71524040821,-167.277628105801,-1919.21428501224,-1302.8463436183,-1272.70395063305,-2113.99248110502,-3153.74494906326,-1236.33571607612,-3665.93010107166,-2212.47975206255
3213.71403238068,2941.38444899643,2806.69619999553,930.385135047626,1783.86990076587,1216.76548769814,2336.23942417052,96.4585612628408,874.625185484398,622.819724060589,2472.14045971427
770.909717958513,-143.726704942309,1951.47256814915,1680.86816430334,1502.45910455702,1504.93134807273,2671.9529668275,1000.1702363768,2924.54293417594,1466.61395786477,1980.79667571552
2911.11774741425,2144.47199865566,961.714845533559,3664.0787294956,2185.09956689831,NA,NA,2282.82693497725,2176.33390288848,1048.24652254477,341.926435970253
1425.51855985717,60.307997768622,1630.07832040586,2497.86806603282,2302.67671217913,1536.50417692605,2872.52685515345,1325.02576135687,2138.44040598952,1002.23593598632,1967.50045385101
-311.425564055863,-1186.71959703747,-303.445990302098,-1319.53503523095,-600.602397789595,-1197.53797925278,-1041.19441987217,-1390.50735642003,-1538.93028703077,-2700.82995336556,-663.133542928332
223.903324496573,-1677.76084271059,981.763383375654,513.832528131609,431.045561520973,-1250.10196990007,-284.919212621653,-240.272925160778,-247.735838723563,-2216.46967099241,1608.47886191092
-1095.82889900467,-1902.27569394452,-324.2108829701,-663.581010591646,-2341.57164260926,185.878478280639,-1641.86304743734,-965.728815140606,56.6647082597788,-2082.88388223991,-2518.61525092814
1326.70764339911,1571.75573013559,1591.3607348005,1113.4020264955,442.582136738775,988.040081017674,947.912122314609,462.213750677496,3670.23244781417,413.187664702073,875.725068392604
-1798.6966897048,-85.2566067969187,381.286553432642,-963.754239821097,-1196.11988206178,282.934877864804,1439.2967250575,-1645.25664039245,1342.23881909543,807.278587397452,22.8392118910277
328.098054674242,451.577722655544,194.781755433783,-1563.67961746575,1043.83642649596,-74.2278202282374,696.040243594846,-1652.59465190871,1620.09258780724,554.493762783552,-328.210727970253
3373.30462970836,2704.58223731111,3459.25623088549,4394.32382171024,1986.52875668638,2417.37631502449,3748.94189671389,3161.07254512905,1896.86213170671,1516.8075258419,4420.72334968932
-813.687562565834,-3413.0063109795,123.483482419357,-2198.16133158805,-3153.87832421501,-2279.54226408288,-2406.03513100727,-4778.71371571715,-1183.20705397798,-5820.00790137495,-1983.99951251148
841.208063413349,-159.464985057724,-109.925009024585,2022.55299614088,68.9155412128438,1176.58997192272,561.326337147902,1461.71146447237,-992.264648071456,-1426.03423353504,-577.778402038502
-1519.80522927303,-1925.48057345952,-793.498648848888,-921.410323689418,249.62466358435,-819.607518100229,-966.025760471844,-491.939933904825,338.409748121258,-647.436262556176,-1155.54236519908
-313.070443028286,-606.131399724285,NA,243.097472665953,NA,-386.130453472087,NA,-1562.65395603776,NA,NA,-2362.54251199596
1776.82921843997,1031.73939784051,-613.477884039638,2049.95867401981,1625.55523311272,1892.68656717144,569.913610079114,1606.01074438195,-145.780860582774,-1238.59754955745,-2335.63271890979
-248.564955230554,40.2762185935734,1606.94034781388,2491.40366794018,-696.606526604357,610.396404670658,1379.30813431009,973.876848978595,3090.24348765383,337.506562946088,2154.91126045617
-828.981407261254,-872.483374363231,-401.171450176814,75.5447794853202,-2433.67603976731,397.53726716126,-1654.43557898333,-393.732917861637,-607.328369142852,-2208.7073202968,-2543.29026223826
4163.28733457254,3632.05622200163,1966.45062937568,3410.59654762161,1888.31273622766,2896.20878939017,2163.61445962245,2359.77721711651,2380.31745126751,48.0175753649059,577.999226336858
-4720.1564893641,-4056.80919098914,-2367.23575226475,-3115.98908527921,-2623.91241213077,-2343.69954181382,-1969.00918742078,-2928.63965685219,-2935.39418131449,-2364.67431870826,-2536.09715880616
102.876842444745,1716.08386973091,164.474431463082,2271.40048090618,-769.21221162013,2508.30840762251,2205.06565654401,2304.49947060799,420.329622484049,1371.40716496683,255.9830737483
-1385.00541395389,-1894.41338210187,-871.215268825222,-2756.79678804205,-2069.45727150185,-2128.91314144572,-3080.26812099504,-3053.37626294092,-1926.39953554237,-3966.648848805,-2640.67495266633
-1680.56101994101,-2401.99636962324,-932.981525993053,-1801.17543027317,-3268.8869189613,-1035.44533766675,-2873.96712187316,-483.567358667746,-3603.14815434162,-3180.90723987313,-1818.02132220137
-66.5371859861723,-258.306318444623,-487.985753101496,339.901303324839,977.418231264125,725.271996723419,597.825357728973,967.288189632614,1460.93617232344,469.927431388338,-534.738571917713
-2240.40087337412,-1694.35794539865,-891.303661526878,849.161564742478,-1020.80356878519,-126.766397913563,914.40385400786,499.710056419856,-1245.76333046601,-738.43563924559,315.750777087653
697.233848456836,1472.57451323814,2049.25956341698,3298.21296554797,1410.62342527904,2489.51839107034,3498.90109443267,2768.86095108331,3310.49481835509,2105.83393480379,2305.21457705065
1012.00989866013,865.448647813114,NA,NA,NA,173.196292586334,NA,537.131593774696,-668.373427651384,-2095.96115062558,NA
-1935.49115400025,-1671.51663716196,-1650.08747133487,-1195.69421359635,-864.445350546106,-1660.93730212687,-1422.60199268249,-564.830432002346,NA,-1546.35524440346,-674.315499426854
1266.87362809444,NA,432.434885079702,451.534952162233,1517.87050251717,-785.711701511743,1381.39641003597,-411.171284319758,NA,-1312.83928723881,2222.14932073227
676.430728556584,NA,1341.12578968178,2124.07177344762,NA,784.19514722185,2197.38508085726,1308.13013429529,1482.64314998917,439.445174405733,2043.13923953043
2727.20434306521,2411.78982645881,165.72219709357,3856.84056868556,1727.54025049161,2346.10822552168,1439.08785729979,2675.54879654152,1986.27023627227,-895.159838007221,-774.50157324238
773.675931901299,171.816867989617,485.466921137974,904.368555864832,319.936799860493,1025.33835760601,726.548277241457,1123.1789587168,678.100288926293,1.29441220875841,284.241603858309
-2957.55842817608,-2922.46540535409,-316.93086646848,-645.491360367186,-2685.44420801758,-1069.72467325098,-273.247843795915,-832.349454910307,-2371.12601084645,-1206.1262411459,690.554495582525
600.732300791979,491.037619105159,1112.40418618306,2101.43791151277,-402.957119000824,2162.29427985155,2857.28808800835,1220.9968958043,1800.5018961948,1474.93521222118,1530.90901572566
2253.20166303417,812.283539836505,1629.99003376826,1877.82078500436,16.6470297838934,1268.86494082635,-1275.98586311169,2165.06962014307,1565.88847704547,-1441.63510502071,-511.840044305811
2949.542340016,3589.79636050916,783.384839216324,3464.78232092512,2722.97673376453,4123.67405671537,3411.68801206262,3462.01946088811,2749.14000510525,2901.34260779663,-126.117778096803
-7.84175797285218,-592.470790301509,797.024480815107,-634.42595219055,276.609018716281,-853.869207123114,-251.939740881398,-1046.39033749128,-411.21148793227,-1182.19249857699,465.321134273584
-2708.99412342132,-764.121406041173,-1837.66856794267,-1471.96898105883,-2004.79214505986,-1158.60369840497,-1379.13278327537,-2199.70411561764,-1682.90750337197,-1858.67518822823,-2711.25592850104
-2244.40285859246,-3101.33992347774,-1351.52713674706,-1698.26014857766,-3588.278790109,-1324.35828018893,-889.240818671645,-2667.96491614946,-2375.40639916502,-2767.17007474461,-978.58220211359
-1624.29532344678,-870.744231127328,-661.551545134209,-241.065686398364,-1108.33124529037,-436.703150227327,7.92961050242229,-1230.89519366549,-1593.94316153718,-1351.79938088444,-1025.54141468196
3406.68229441135,5047.85252112755,2402.96497006406,4046.8102951741,2574.68581252215,4728.15044663965,4972.01033365161,4087.00240098986,2002.62591577374,5255.41710987153,2559.23646833486
-206.965064947269,-67.5868350235888,564.281376929941,-84.4492580009187,-1012.22347892018,565.457193607926,362.741177959228,-126.442713620736,-2203.32388371552,-1041.65465035752,-306.321491785885
-785.760464338245,-1061.25097847903,-454.050143740489,NA,-470.211530012832,727.136621130631,853.142298441151,-248.473770586775,NA,NA,-733.976566342141
2973.56536141524,553.065505009487,985.955399325735,1796.16610893373,726.761821412527,2068.07366915442,1409.69362259253,1168.46722558293,1504.4176244188,-743.320846790659,134.020821254618
-1603.53007244291,-732.289493994142,823.781481567315,642.33605775821,34.5370316621046,-701.793850886056,904.308020187098,1462.55579763393,-1904.19121256166,702.285103265347,2984.97753710622
1358.25029749166,2512.16986257541,1249.13824090749,2544.97774317537,3106.06320044174,2877.07373189837,1609.55030622871,3808.88775465317,1465.17127281696,2201.56905663846,-513.292741796614
-2336.36929469118,-499.933379067551,-544.096656084932,-418.90876504216,-1629.60742459819,437.654464953243,-238.720450171277,-798.047970844834,822.043296025358,-26.4637672782732,-2152.84742191183
982.335481526321,-892.24735930338,149.373343941816,1884.93492679358,2102.0592595486,1451.28778947062,1992.19319539898,1793.32992478488,2130.47424669772,120.974677253437,453.508232957481
1226.55242834478,NA,2569.25748894318,NA,3936.49489214518,2187.87670440098,5420.96366255694,2938.61622887812,3069.3294548222,3725.03642291574,4500.98903342902
498.44233877977,-177.35274762268,2048.12249665725,417.409304094005,1753.44876726022,680.052954404136,1002.24560190486,1870.57698041243,1752.16314535154,1500.5056242878,2189.86264886125
-1681.33392867468,-2094.1909697042,-2213.57202020298,-1252.52336346622,-858.20165253493,-1346.90870154562,-1706.62148095497,-1246.57148389011,-3539.08213148846,-2446.67146321433,-2317.97250862991
NA,1096.72900052088,NA,1258.07302186093,1088.78674792115,NA,1836.71200949623,1026.7103168915,1550.39256759488,1189.60636820166,NA
-1268.69647978878,-1576.08967516507,NA,NA,-1871.6186940862,NA,909.932547092135,-1704.59367207353,NA,-850.280474162011,182.732544880864
-3501.44840106148,-1386.02504142773,-992.436661591294,-263.716629621591,-2785.68861052156,-1102.90933455636,81.4344355103028,-174.179036445261,-3219.87596158264,-377.104594972807,954.233492004402
1351.02940733557,-141.90769738028,1368.22412357547,212.967435398195,-1197.44593484798,992.015405468846,-286.655818001266,1123.66809564188,1272.15788930949,328.6490675953,1143.48059317752
1298.42495522946,1576.97017263567,757.333437815553,2247.56015639357,96.552739345742,2301.67603240839,1413.80939209829,1364.0756783949,1456.71188350463,343.821528929531,-656.862681596247
1770.99369935276,1632.59322414188,692.342320270339,1981.63211374067,1221.56971464249,2252.45730044548,1915.15115620837,1315.94795382122,2277.57770770339,833.239094665957,-187.72648363171
-3554.85164987078,-1777.01087346196,-1095.07675393725,762.475856766788,-2440.356172844,-566.101177118093,173.249829862796,1735.15924795831,-3035.13053738977,-182.25148968242,1216.87174221655
3110.17945257017,3483.48858536634,2340.08182333167,2209.52232623561,2302.2850481834,3504.2246425188,937.439869469526,3815.01655020764,3419.67462742425,1758.2434589421,-529.878049718552
-2183.9782295647,-1816.36219217412,599.276422382972,975.925165131297,-1482.98123021118,-197.054042463046,2194.02240003306,-35.362344050683,-1044.37510236891,1034.35607880596,3027.21887956111
935.170671187167,1564.75681988282,1308.28414177782,2380.73508268616,-83.2092826168403,1435.44417454692,1680.65189657926,825.893857052031,1016.53790520788,-582.007491172625,502.586540683354
5895.83686785045,5566.42765809044,3293.56747078606,6001.17959243376,4606.58252225771,3797.41388006049,5965.04533909649,3119.78172481379,3359.31506993226,2708.80958468958,4201.88488925108
3651.56312898368,2989.55077081095,3358.47288263305,4038.62107052082,2211.0211987468,2766.05631167969,3591.34028525704,3220.13905611262,2223.76252278284,1135.75842058092,3581.06616362745
-2724.65978350118,-1042.72956652348,-1239.17279160674,-957.849952242906,-1323.10659700697,-973.988048973562,-476.851659397611,-410.101815630529,-1771.96129284099,-549.874536079579,-561.604035486863
335.782140540595,1031.22106817706,642.815990088051,828.461071340682,NA,1328.69122783845,1297.25630351373,1531.75960051535,-257.187216429942,1299.96536407358,699.425153144174
34.4016743912781,-677.682899478211,-706.901876073939,-1398.92166636229,312.416805393098,-125.731060345073,-2310.33235455066,592.962771365893,29.6389138297739,-2291.39528048139,-2823.49102691479
-3461.16828102112,-4226.36074848653,-2627.02609536894,-3028.72451649104,-2282.04440778178,-2109.15021534512,-2634.48833509684,-1526.12514394413,-3370.46243753466,-2671.42601373391,-2302.21084383428
-3065.72234950701,-3538.20511611118,-2521.44597108501,-2245.08442815472,-1284.06395241514,-1918.61323125293,-2297.34066350042,-672.236463744206,-1975.52507494809,-1211.67810271425,-1602.51966237393
-753.243008055768,305.681885023543,333.314444561616,352.050483700414,-1371.45418509877,-1093.73830962877,-830.279808934604,163.921748530779,-3189.66173058401,-2248.74623725317,807.200362530605
587.751427157891,-327.619479289029,-133.299167783144,382.355898204857,220.316788213759,973.587083447583,306.784716305757,-55.7775032250087,-1014.37158397782,-1065.96615251444,-1518.83410724614
2678.90514884075,2359.30604657078,251.101637771576,1814.59132249833,1356.88090240641,1761.6188414673,367.486625526618,830.336586573492,137.788726274622,-851.008275593186,-1752.20491288677
-2624.15038343047,-3963.39260107394,-2376.21942698008,-3508.15690502574,-1261.8786344727,-1248.09863340058,-2470.49465658038,-1624.3296657486,-448.547813684489,-1363.86240640303,-3077.11340271333
-696.546348972802,-622.800495865444,-424.534765587537,-596.917606450472,-561.916608605385,171.991220528502,-1402.00262564921,299.576625415536,1208.59944935766,-896.362553675141,-1963.34026635512
2156.28759829812,2624.0188613115,1702.97014537751,2695.15778559448,1071.76695980499,3984.75923768907,2492.66407713753,3834.0423100014,3899.92155455174,3246.62105561819,590.01348272483
313.676952183833,745.175940770089,-34.8484251829428,1346.82133750066,1031.48098773088,1371.33770377233,781.064322536654,1846.05602762378,1734.12453080995,202.915307624582,-731.47134288158
NA,NA,NA,NA,NA,4530.58231587579,4835.32851406436,3881.70576403761,5007.84836295473,3140.02396974205,NA
NA,1402.29607456139,NA,NA,NA,NA,NA,1954.62808788214,-11.2749930718658,1207.484563935,106.679482172266
3291.49310513376,5748.38246805166,4192.30898585782,5813.66638542035,4143.4240628852,5097.60480033446,6722.58601006112,5076.95533684075,4860.78759680878,5798.05093158326,4408.18646517601
-3350.50652795707,-3607.16236319816,-2398.73211761489,-1527.05938609055,-1701.15781796664,-1422.84532885327,-663.000018998597,-1224.47777161737,-1271.28402093389,-1255.56082341532,-1019.6860202481
1118.11717924499,1593.45885827724,326.993614544928,3039.65680329886,3012.16502628102,1601.38492056583,1792.59989069624,3318.88576851455,78.4493630641315,1007.70390542761,658.837786440905
978.721661967034,-745.451513829625,111.742808873095,1444.73777197072,3008.56001978426,1468.04333667087,2484.68988822073,889.57972597717,2743.59169297724,1445.05806754491,359.774600034278
1766.22722628264,1678.63973302415,1558.83829219236,635.273623028641,26.9668416650495,784.557454965693,1486.87135179707,-960.049340554244,690.575719271786,113.3200561237,1137.42223783201
-2281.04333932211,-1079.83306870134,-19.598342462363,-263.057970475077,-990.317017728364,-606.819493505929,285.178334003539,260.583236184898,-1429.74235631168,-532.788402530167,688.554019615301
-1791.38470605266,-128.339139305821,-1490.1791572498,-225.481917310647,-1622.48418019373,1095.06390574266,1355.90203462522,-1204.85159761006,-1626.12225164633,-93.067988390993,-2188.3955870458
122.531623408338,-1869.89254010767,-1767.21951519283,201.285181384865,242.51766828928,1055.88722027162,-671.208539078376,875.552233203041,-185.726048492655,-521.861313677469,-2644.93594973032
913.422971318203,646.09891459478,NA,NA,409.947672728999,NA,NA,NA,2673.21945689472,NA,1478.32646742569
2691.26783264013,2834.80604337517,2350.80813379648,3628.40332741085,4549.84297785888,1783.79372472484,2743.98861263696,3861.85055277228,2311.44060670293,2158.60728951291,2995.67280051638
90.9286555222662,-216.945069385951,1640.60904130396,1332.56882625082,1011.83690188946,931.844401308786,3299.49723563383,186.410081225696,1207.71712888265,1233.93793695187,2674.56290984125
-528.75396768399,-686.620536923,-454.357004604549,185.065476287665,317.115241168729,319.607772310036,1460.98190755252,-453.057766082696,336.603405865978,-151.214336414721,-45.5095209860191
2441.27293806105,2660.27176091006,3001.60128841853,1755.62181458762,2332.94813510552,1403.53117832672,407.306747012366,2617.7480368407,3098.47188080016,860.946234911256,1417.23493956209
NA,810.964413221154,935.62609708526,800.166634809454,756.430109431847,NA,809.354575079867,NA,845.803009259198,-519.151585137088,NA
NA,2861.36401611711,NA,NA,2432.77495637359,2354.88567256288,NA,1998.10673643576,2803.58742745153,NA,NA
25.6021039982145,1614.32105602871,1333.8486498554,36.49859803313,-721.619998637658,804.690041287191,-104.96730909065,1045.68878142496,1330.27601519779,400.824809182662,295.751391835711
251.930143911225,118.168014837502,1017.88643700616,389.303326566876,-132.329485297951,369.014027913276,840.196015385305,-703.001914147329,1758.4257905904,-712.886396065521,228.626288215685
-313.252257837321,675.50470637916,910.410292429081,NA,495.611041389568,867.78097808601,NA,-337.705354335907,2014.63360608624,1415.34229237381,NA
278.558920078053,1495.4980411076,1607.60409193518,1597.42235871371,882.126859427056,-79.6426595948262,601.488716063945,277.205844660934,1370.43363800646,-274.118362831633,1081.9035512012
-2345.91898149815,-2471.16700656144,-2131.13746470009,-2167.61707319409,-3614.45675657927,-1287.53489694956,-2871.84697796848,-1641.93244487023,-3721.85048447594,-3077.07022729338,-2901.32803403373
-686.986621810115,-1663.19843629432,-1002.79165037115,-819.717312324194,868.981006818461,17.4310456947028,-460.609123501261,-746.810094174862,-955.077932076284,-1011.67876818594,-2318.43949474712
-3099.79628334281,-1899.02641900207,-2030.4773780996,-1526.60996697526,-517.613983694801,-1176.45125723309,51.4770000672444,-2017.69140325149,-1257.81493103513,-643.584244099269,-1702.23804661908
1780.43393403843,2584.7083776762,574.060699432429,4299.5613289282,1125.49868206162,2711.83877367562,3789.84577192862,2680.38878176254,-210.594579105654,1485.30109255011,1727.3702730237
-831.587307539047,-745.417841922127,386.063637259436,-115.794313706566,548.861256320528,435.650148385735,87.0705991759465,753.383545423017,2030.04289004365,685.819811300647,-222.584044350949
-2702.8702743228,-2003.51728113513,-360.487733643753,-923.439679217966,-2896.49491534235,-1077.88744650941,-629.025485998379,-2192.39941877615,-879.728306952744,-1954.3455041186,-757.356929187301
-1094.88833222927,NA,NA,1242.20394800447,-923.981159249342,695.336470689966,NA,NA,262.815299758048,578.593763695668,2112.29942309992
4566.78602638661,4313.11601433984,3842.94461007269,4641.31187633584,4262.28923653996,4788.84757176465,3827.76347713301,5628.38137812539,4183.51596547909,4129.30349333298,2621.33758453734
-2093.63236578131,-937.721502428072,-94.427463755029,1315.23782756562,-1861.57710332805,-290.161316425033,155.499491657227,1365.1386142887,-358.220771399314,181.300772360667,1637.52688056491
5268.85638112064,4219.82915125797,3234.73417834892,5661.86442290686,2929.72509385963,4385.77847162291,5433.35638751545,2524.56982705686,3527.07274555092,1929.10247389678,2685.33254652828
1465.85255553735,1772.88625858334,1679.84065018453,2601.66524671674,546.148511814959,2361.33116914012,2280.66442142293,2604.51688938544,2322.9248774292,1830.58204008249,1807.96736207951
-3602.01956433585,-2119.9403188543,-1910.73663828485,-1995.1579895464,-2029.31374543633,-1343.98021259476,-2016.40879137489,-823.062992842346,-148.800667573258,-1329.8666639204,-2263.23031959852
-1102.84059438615,-683.643028827154,-540.635243056804,86.5873430206785,82.9505585290345,-485.274981847802,-715.490889680072,233.962395437145,-834.93110036783,-1262.7714817785,-911.01989789171
-1963.56027265996,-2872.10188524235,-850.104840850158,-1389.43539132177,-1700.34605139641,-1584.55940463268,-882.758498707486,-1750.20506806343,-1153.26468600844,-1020.9882240893,239.06759607738
470.241567168537,554.290032124484,-53.2988997344664,64.6546960865944,272.338220009315,389.726786811116,678.882689346051,-1527.00755975786,865.918054618204,-838.474888029708,-1220.53552132009
-401.535748030347,312.008622239216,847.688543393144,1659.41177453562,558.62309173507,654.123061533923,1785.44355263622,416.169433204594,657.248814546715,325.702205398598,908.919266721426
2610.39240012538,1554.88524556756,1819.84220740753,2805.65930779453,1659.87999569519,2291.12077397307,2462.68707456934,3007.41772665392,1616.76093794538,1328.27737923734,2372.10869756542
-2423.30143045984,-1750.07838991995,-2309.46866763008,-2884.14448331393,-1480.06931702288,-1523.67454167923,-3363.36031872531,-944.153113938677,-2467.57169099584,-2156.37005511477,-3483.91309789281
-73.8381077945862,278.766415829435,2181.28231663313,613.783450403267,-1159.91342894328,293.817005788642,28.9010130937858,1463.97490159909,-35.2166546056701,-374.931141128773,2084.94778451126
2592.05817055049,2662.4797466956,1113.85615677341,1174.67352436493,2578.02818373049,2764.07361475377,1633.72064570211,1239.39184998435,4058.26516540336,1157.00782496925,-1487.92335239322
-161.380411680549,-1835.21347264503,-825.359568707208,-140.429249729845,-1506.63708798025,43.0808957337441,-226.195112442348,-1368.42643766342,-1133.67833594589,-2325.62040749279,-1461.89895208561
310.492187193934,-1008.18690349763,-174.730020246712,-1451.01136428793,-830.48873692062,-406.710854343591,-1855.34694828973,-2466.7365779418,-795.022834734458,-2921.9045951556,-3091.44242632106
-2829.40311970436,-3375.0897506448,-1821.66070195202,-2971.18641439532,-2930.54779129013,-2426.91781236878,-3381.65191269954,-2215.34265592339,-2864.75285471402,-3283.97670742522,-2267.02765554148
1247.84741885847,1655.39002322173,1345.925263162,2257.52206056186,811.700594143427,2067.57554107307,2382.81445368816,2150.505516619,414.958304203271,1228.80030626641,1563.75812961628
1583.18975958615,207.385709023906,392.134590032592,2279.95541214122,982.843487886523,1942.3768299256,513.529376956473,3233.62197908799,1633.0576818071,426.586807190871,136.011350724194
350.724388247257,589.548792068347,1161.42450454024,1610.22236328032,1326.97794722917,1238.82227158522,2022.54670064718,1806.9535410667,842.762695193433,1234.06068217949,1611.84171811081
983.778083542783,296.908824722928,955.487961118564,724.805213462769,1151.14451046856,2246.85636003406,424.232224994557,2031.51161282114,3768.57560706327,1800.6198332475,-926.824775615845
954.367813574612,809.992535150879,2215.28626480923,440.567569026279,1465.60266427902,609.294205575323,654.612050708964,1533.89302149744,1730.68248112908,1036.7536076265,1912.68599895498
36.0167358487357,472.42491038322,38.1934291150633,1677.83471129803,1076.4841502614,1417.15086630187,1767.62254848059,2421.46240672143,119.681600744296,1285.97482301321,915.834434844025
-4017.59124282185,-3066.15298172371,-1851.80539372716,-3335.03115750176,-353.024919252628,-1836.2829612313,-1543.23348908111,-982.495984497316,-1470.13922718586,-1172.54763527113,-1881.97917847494
2056.36510738616,3149.50702191249,1018.91636589615,1147.03112199757,2074.83369065249,2408.29926871435,1767.79663981409,2262.80111145849,1090.70722051499,1895.76777212121,48.8214152077731
1386.86116527476,NA,NA,1854.85496379058,1131.19182514161,1195.77083936127,2486.85793522402,NA,1119.74399766174,NA,1340.6875890311
-1105.83907641406,-1116.01693466404,-69.8785528278881,194.843867828209,-1680.05251411056,506.532499000874,-544.627507489125,-447.03084654667,649.433114350417,-1331.01806117639,-1759.02238558999
-1217.92615633162,-1562.27005396372,-1689.36656628024,-1654.45574954771,-41.7757243688808,-127.768914032472,-964.678106174088,-1950.76549296382,-1034.54597813946,-1751.34465851925,-3914.96511308089
1813.74454978548,1695.61248478188,2131.76586809903,1931.20834852166,1395.04498861906,1881.8748698291,2304.47119503864,1169.88687309611,3391.54470375839,1451.67115465116,1576.06862951141
-56.0094278755856,2005.58134613315,1044.70561427032,1213.22043469101,1854.77956347141,314.999341999987,3076.79216700834,723.201068707771,202.927268036486,1851.91826459052,2950.13851893903
-504.092612553317,-2138.90032407838,-198.80126062622,-272.730561945042,564.79064574584,-377.384806702923,-1177.47666147826,824.151352282587,1926.70025212861,-1554.29151386311,-810.388954041789
-1599.38866681712,-2145.39480841342,-117.233244899788,-1126.77833145885,-1303.0984968118,-875.533467012051,-2298.930400728,-499.697910017113,-28.1283597072983,-1711.47003787133,-1576.53254168164
808.285053008602,547.029280391686,1120.53511805064,1993.90684693083,565.546452793817,445.636651078265,2126.34559391895,-224.481590684248,1452.59886589924,-152.654472167346,1724.48917327045
3415.28378069899,2321.80561526411,3764.07878439709,3899.12801651219,3043.30373102894,2568.7298790784,3266.13627674044,2531.97548148525,4014.34799656129,1601.33367608147,3091.79848185331
-3665.84218586852,-2328.92822980311,-721.016210331863,-3124.92869912691,-3046.47814626011,-2803.18620118197,-1025.30863155539,-4394.89370378764,-2331.19013714016,-2893.11964713159,-633.912217259206
-2553.78893594459,-1689.79648177156,-560.223950629628,-1819.63594670806,-3142.93358740554,-1754.41036016987,-1727.92531116963,-2077.68164576344,-2134.53192821286,-3231.19473380719,-1069.73472177369
-163.712885895624,1683.11006794609,2405.88037901797,2271.2988409539,71.802986566719,791.799363058812,2768.14503172286,1676.15380482526,2128.76501887317,1741.88692544169,4028.46006469065
1140.22951869819,1196.1982273481,1558.55574016944,959.542714596995,-350.122103395288,997.342555320221,2145.28245445468,-1525.04965773875,703.642307000185,-641.684997325882,643.922937620885
5708.23978646728,3963.4086431359,3571.55732658382,5957.65673446338,2652.0784325088,3448.51277090164,3503.43846290915,3608.34328329701,2885.77036375207,690.591820752985,3215.72174701395
-59.0987752969173,-528.33937509599,61.4767771101789,-246.889768232389,-789.152635990801,-516.524871193079,441.501221541536,-1995.80897638619,-225.056568257886,-1443.72725972774,37.4322552664699
-2279.97831117244,-2721.71787795012,-2619.00405275285,-1521.25971497199,-2177.44595514435,-882.544523913789,-1465.85854721025,-2949.64911104788,-2140.2915414879,-2842.70297369337,-3921.923373681
3394.64527321328,3959.00774325,2365.33250465205,2330.90299893035,3367.39486470194,4696.74311079059,4064.84796542705,3445.61008752855,4504.12454332194,4358.82025268551,743.487116726947
1499.70379943353,2872.84050605792,1341.82430020941,2832.77353357536,1018.80469820251,2441.73144220438,3155.22924339829,662.160418003179,2045.5111607703,1686.22345236439,612.184211996385
605.98289056944,1056.32025224205,1366.06301854942,1462.74799635615,1368.88297964417,1769.32961623293,2915.74882338491,1482.48283203202,1968.78124614649,2209.65231228272,1920.02686202022
1298.39391665238,1133.74359620661,2140.81901357992,1945.08165475742,1113.89080420397,1589.23734099992,1567.18241885015,2013.74432521872,3139.8988904705,1371.88573064497,1841.85524673452
2864.72202950964,5075.72392326716,3481.83401213373,5309.31347794843,2489.58863004854,4125.59572047033,5213.20210611367,4236.30042271308,3011.56054346598,4532.86691969413,3946.68135430163
-1043.23952924009,-149.157182545864,235.39966040328,154.03664219384,-1280.02004153513,-397.764874173768,856.544565473201,-1793.80654713851,77.2777239792796,-946.483328940102,215.655127672341
4761.67287525432,4674.34983112516,2874.93744754545,4055.33831825697,2660.12108604992,2619.655378147,4550.74796068859,1599.53397349457,2398.38418287952,930.181797816962,3467.08841954028
2668.29448436178,370.4919450152,-1.68353025809779,922.476039557769,1579.73062814324,1501.62845942199,479.248978666958,392.253380485657,1799.39061874984,-1677.94314609012,-1817.42578933688
-1319.80127608016,-1249.69634206352,754.430781531032,-1033.58808437417,124.907655035782,-1118.19740726025,-461.78121795139,-1699.67927574827,1580.67388253384,-650.548768349857,-43.1275719307253
-813.784112399692,611.644054898274,1493.65238764262,1125.44335908685,443.853333563277,-102.722937222063,1940.86804545733,375.961233319857,289.469093807393,1261.31381859647,2952.19380494659
113.659702803409,-1570.30742668004,222.49657947205,-4.08139878583427,-1811.7444680195,-755.773835566344,-383.057548766044,-2317.74375877571,-1234.45510083134,-3233.61558974369,-385.793716347891
1613.76354104035,1079.79797507775,-371.946690032598,2162.72734336851,-720.242506804066,1954.91092486868,814.570502364077,1839.45016234748,-1041.0818767013,-942.75672767108,-741.525494736619
2557.74497429998,2118.2043025231,2167.32099134788,2675.92951915713,1868.62684808685,1231.03227140464,1816.46570689752,1463.82996821009,827.65648208506,-403.196084450903,1738.32173347445
867.736587943416,-590.349300043576,450.429316883388,383.238672749061,-1499.01728799454,-213.730951689181,-1690.32084182904,134.919755007013,-649.230641460858,-2992.05353431414,-729.970510277825
857.891720832953,1098.8012987052,1427.31797095987,1627.79128037797,334.844453218866,2037.90848184781,2030.83470512664,1076.75453623772,2252.34782693749,866.457215879799,494.525125457745
-5178.15944754908,-4086.06072554191,-3532.63265135879,-2496.0943874869,-1850.6380589511,-1824.50719887069,-2262.27284272118,-311.158419669954,-3286.46315148558,-793.822328804639,-2673.96712689694
-39.7671509346994,-384.991777362479,207.238878106094,413.93471600026,1135.54188337138,360.946126316269,1845.62175534244,205.580015385938,440.314339115655,696.113301643098,1268.99750153707
-770.224221459651,-2106.07765344887,368.013927275815,-1035.54067828202,-1438.94322413781,-350.294963705355,-1192.80978395491,-34.6771941942388,-1236.09165268228,-1902.97155995029,-404.392016152162
NA,-450.003802923169,-964.742530508158,-5.87093696775389,1695.54445289371,432.539968445161,-158.261377146557,NA,NA,316.371906272115,-1107.83559137833
4408.76972164757,6029.28826893223,4501.42242001943,6253.3473396851,5373.82293950518,5182.5735257659,6668.83014922469,7078.25443414302,5545.98725299629,6407.1115822201,5904.8186073538
2145.76533040446,2296.1016901682,3411.48450717184,3171.81321114496,2576.99287504186,2138.73910577162,4336.43950413956,1509.20763020611,4096.42112342507,2621.05044230311,3860.01668828726
-2045.70746599296,-353.31225639255,906.831719582139,1328.52132529041,299.212596484323,1388.68994367013,2031.13402667987,3614.64372681197,817.814629436328,3488.85707428914,2693.33343377917
519.742926788157,-50.6940883858787,489.394597895004,702.464723038037,NA,NA,NA,908.012393085053,NA,-658.676960437313,-407.347604283758
4097.73687140387,5143.20159420991,3127.76476920278,5581.23080926799,4617.73267353947,4299.4905439777,6860.72064230052,3528.5808048531,3919.49588886618,4719.39040655512,4216.24693263082
-2160.00420143222,-1778.11203705184,-976.805444760398,-1856.12928175701,-1899.99276753017,-608.538256343646,-381.152211997476,-1659.28550511333,-911.957701960728,288.196351158951,-638.918996965504
1508.37825124669,1453.57511565717,NA,1614.30668390356,NA,1633.71868302193,1377.88112505604,2431.1053480584,1509.25723567595,888.324008301469,NA
724.823710850251,2863.54841941558,2584.65562447393,1048.08655828932,-66.9343549557422,2336.88444478393,1667.73961258139,1905.29987683022,3705.96973472879,2413.23823369942,1262.40870636833
3156.85464507172,3887.03440670343,3239.78949025644,3618.46023172572,3741.55177997546,2388.57086557384,3343.78775320651,3333.85612794156,2761.02498800198,2780.27207953312,3323.42824336795
2981.72306583471,2768.72462253069,2749.37104337355,3342.03927250732,3290.47461499186,2656.29456410514,3106.59142011293,2990.13764895643,4613.18103526209,2823.13358200187,2509.80126543899
-285.46372662791,-750.153154626664,-606.619830793133,1604.98597989835,288.480870431395,904.636946539671,1965.93551047383,150.720309901667,847.360559744312,110.683825186421,140.214532282483
-1009.18555757124,548.266601034633,608.030522372146,-74.1450174304487,-1647.44658667659,104.940275050408,335.977836859009,-723.617700083057,-2294.53233142105,-286.842407476913,182.344294388766
4740.91022226722,4860.31565600636,3977.73691541963,5426.6810944012,2701.65837665065,4236.64664879201,6013.66426049083,2630.59675448592,3611.27845025305,3192.29801951019,4192.31921183508
2793.98484166088,3050.19882537795,2579.73454690417,3407.76139263859,1163.68765486901,2890.88952084067,2612.2799788531,2636.14696022017,1091.92499151751,972.330033545874,1593.49488517398
1578.91523992835,464.615639893135,-594.612517363041,835.699133026946,-487.070677303648,1791.23210443721,1450.69443457966,-2749.27241266946,-1400.56350178356,-2551.43374327456,-3589.59923649846
1676.5560898688,947.47875672805,474.445225225118,2113.84234341424,1753.80505352607,1256.66368589449,970.600177076877,2247.81017187381,1833.41916874683,482.931075313013,617.640462171292
-3194.58718293048,-3386.26225456742,-1914.23306726557,-3711.24747928903,-3673.04225431891,-2464.981479646,-3609.52638917656,-3067.37240859196,-3261.95381412889,-4148.87210872514,-3138.35065045472
155.454345081513,-1834.44603335086,-1021.91481764748,-2789.09283719824,725.962881628696,-574.929539490784,-2795.96751781303,-1523.06293629802,-482.841525458993,-3127.21748387993,-4378.98998404582
-2994.98710084699,-882.578639811719,13.7026384490979,-11.1041253205311,-1846.59271134951,-708.377455067391,681.49081798604,-267.360458687879,-1242.37571390809,214.824732213128,1250.33997677533
1087.15048814896,700.078402116192,232.093765303681,227.365854716774,503.676268346766,1481.78708828836,-1060.2176559527,2384.28491237116,1218.83266745797,458.496551406542,-1330.23647600744
2066.87765519063,457.924419720336,1784.19771071047,382.912168405121,-1965.03230714476,1637.48022926108,-900.508350290596,91.4843642003946,-202.976472545436,-1589.7298725371,-1077.91269961548
7.86533217654858,1683.97244204647,1077.43500605522,NA,1132.82887071072,1337.06233226091,2880.26349049799,964.680941087904,3227.5982345237,NA,NA
1436.53480199866,-242.732794543466,-478.628532313547,363.206279430269,-1147.90819659311,1063.75234286361,-1081.30734294693,-99.4070118483367,-875.77378686422,-2716.35665159369,-2696.6145891254
-2683.07763035837,-2390.03698978918,-901.724453885777,-3312.44235814674,-2314.36297546649,-1661.13486753394,-2539.62816103912,-1436.92707795828,-1935.3806201673,-1582.35482742653,-1418.65488220404
-2260.12194535244,-1054.62752749711,-1517.83077388723,-839.133194893573,-1983.40771192542,264.095046016197,-512.493564629124,-917.511056336611,-2693.41350713895,-1143.80533938816,-2766.93243267834
361.145741193685,1972.95694115318,840.442364271378,2149.34377066737,3112.10142350097,1794.24406149118,3429.06813116368,2397.09199891476,1048.99936587255,2385.06512762023,1569.77687324028
1460.8366117504,4558.81020329156,2200.41933155447,3388.23350107894,3064.13731385832,2967.10718568673,4717.01464720452,3242.59015173198,3394.60579557635,4386.30882078459,2987.34895614057
-231.10430913833,-153.46633829039,-1001.59294636952,2012.63568533167,636.529579871516,2420.17323851334,2072.32420474635,1685.09226086942,525.803479518974,938.828876339,-1504.89999738997
67.7777016453372,469.817055837413,-765.803146187053,-703.670280764061,952.05228537386,-475.967463782435,-1595.35405366797,1144.80001046382,-942.803350644155,-74.6841699229798,-795.056766408975
-57.9363343428366,-1290.44099311294,-1070.19169674412,-1491.02606673306,-981.005146521329,-289.102997580767,-3375.28914324185,-1633.19395205333,-634.957199917077,-4084.35676383645,-5136.64485512532
2439.17925289197,3184.8261987985,1839.94928535811,3627.6508787403,3716.00316446704,2739.30144587731,2963.46000323165,3422.60655106859,3595.33427896345,2104.8488614222,1226.45059987642
253.418442572112,975.225403801261,1387.35247122945,767.951878804171,-924.918251134965,-16.0688402920149,696.513494180867,-730.696124181199,-2267.78527301654,-2249.31258884372,602.15312782847
-661.910537315508,-289.907066113814,289.762725675143,-271.342517755044,-529.362511744285,992.027891708351,1385.16864906573,-725.922252972587,922.405632266258,586.223641117919,-356.82237553361
-3972.74282740161,-1728.71972125223,-1043.13556728231,-1593.2147833101,-3656.07331103306,-1407.55357613909,-1201.11127520422,-612.525151458135,-1497.28697607123,-584.520013290925,131.099685476532
149.103843448336,NA,712.581814796672,1048.90210505058,NA,602.42262677608,317.986676014699,1680.09938448675,963.612657667871,NA,NA
827.136917151554,359.249109534121,643.875172666188,891.12551959886,2499.8865037911,415.203783094729,1374.19772592188,1435.84448433993,1233.57959046312,1447.76422111837,1662.40790608302
NA,2665.39793008524,NA,NA,NA,2221.63290622538,3425.91021782357,NA,4211.8560936075,NA,1747.91018787431
1896.28826071426,884.235069843696,1200.40525418748,1286.67459753988,2748.83041283954,969.554476054347,1013.22483478338,1700.83886227868,2335.83266683395,907.063209886316,1024.67363944917
571.375488995033,-564.771712677523,1421.53249756079,1336.09284674752,1847.96338553564,457.536255381802,1500.49623576022,1487.2131389265,2376.36306600613,613.004816854963,2126.42514047092
-4153.8983281289,-4263.60156285565,-2028.25929301062,NA,-3132.61108452692,NA,-4229.89459361512,-3899.40223066623,-1784.47963473225,-4372.30002957298,-2856.4985133355
-3871.05443451796,-4678.86524534292,-2252.97463374222,-3230.13577580846,-5295.25553241475,-3148.54075459247,-5288.64222407159,-2246.70755369883,-2984.24026630626,-4938.33923952698,-2879.76247587909
1578.12234328703,1783.85566800475,1316.11714900425,673.623388408446,1243.91992399695,804.707904027104,260.226167768177,952.022023070484,826.720222838208,-439.817471761567,2.39634854727566
2177.02460943853,3152.431548335,2069.03604327786,4012.27355228313,1003.85718038971,2544.77383643442,2727.03790245195,3238.23362939859,933.277158346483,1210.34332220227,2249.79728510224
2150.23726092935,NA,3206.86812464257,5708.64331158234,2679.85587846086,NA,6321.30237631145,3564.66656387423,3455.18345285661,4280.09903236784,3267.93425709313
-658.213171165362,-585.694129705598,344.534683476282,628.941854793447,-1649.52490226747,-193.941196238642,-143.587032498852,180.170220147394,-1453.21637733729,-1271.30938070004,595.327680003588
3182.38428926567,1795.42119809953,1667.15510482765,3680.01713494159,3078.03800476848,2474.41460550248,3676.20261484242,2078.16774389682,1734.36659464672,1099.28407400104,1972.69192984823
-3592.86327590311,-4998.51344463739,-3837.85296226337,-2266.31961704154,-4342.87182818408,-1896.37051282693,-3073.2576200975,-2755.48394717034,-2872.49516806415,-4470.22997653619,-4168.26362203531
816.688437874928,2590.90838662836,2154.90074168502,2881.8119399764,-268.333994660195,2707.11550307624,2327.19131529232,3088.21085497841,2420.71195141045,2041.16095254615,1853.10503895759
317.349616718732,1161.5368514139,1290.46179673308,-264.371099471413,-720.149781760746,317.735501558211,1039.93057436385,-1428.85629549075,304.736882166941,666.330908105825,937.891660453291
-5062.53150312166,-8069.36618524214,-4175.96462520697,-6212.45429922697,-5867.42005172699,-5526.61976589898,-6768.03685672464,-6142.37100734709,-6492.28669120262,-7791.45105890057,-4745.88514275023
NA,1845.76576112449,1450.44511448194,3945.99001691406,1997.13293116058,2603.91118332712,NA,2511.9127631895,3036.63768831067,1444.80336054037,1969.81536530646
157.840442428676,-535.454136502081,-868.222964164256,1134.2844993976,-722.887460362978,1554.18376047316,1161.87024924213,280.186448887068,-378.373742188106,-877.933944484106,-1441.18018718032
3498.45161469169,2913.6416719691,3088.7234992017,2643.58981669723,3080.60547287077,2109.67884354772,3028.51947291194,1084.42636780008,2785.54705400656,907.972635285312,1931.38162194308
-601.32003310446,-181.123867742758,-930.010483510509,1439.55047610027,-1393.8486106365,2086.78732651577,160.548744452637,1300.10613385074,25.0430281840565,-525.887431196516,-2705.70612471418
1058.34517652232,2097.81114867935,1147.66102909044,3205.75032216813,1372.19547297711,3154.89113354972,2957.62351140602,2404.83828236447,2846.10550119006,1883.62418823784,52.8538110927622
